id,permalink,userUrl,author_name,fullname,avatar,verified,text,html,isRetweet,retweetedBy,replyingTo,relativeTime,displayTime,createdAt,images,links,comments,retweets,likes,Views,bank_ext,text_1,postUrl,replyText,text_v1,post,posttype,Sentiment
2038442114607116381,https://x.com/rkiveness/status/2038442114607116381,https://x.com/rkiveness,rkiveness,pau⁷,https://pbs.twimg.com/profile_images/1702609881847468032/chnEQjoo_bigger.jpg,,como,yo con la emirates nbd metida en el orto,False,,,1h,"Mar 30, 2026 · 2:24 AM UTC",2026-03-30T02:24:00Z,,,0.0,0.0,0.0,66.0,ENBD,yo con la emirates nbd metida en el orto,https://x.com/rkiveness/status/2038442114607116381,como,como,as,Cust,Neutral
2038438591886761989,https://x.com/JSHBPS/status/2038438591886761989,https://x.com/JSHBPS,JSHBPS,Japanese Society of HBP Surgery,https://pbs.twimg.com/profile_images/1620595930700607488/_vHA8mQr_bigger.jpg,,"🤔Are you interested in the biliary branching pattern of the caudate lobe in PHCC?

📄Here is a report on its assessment using ENBD-CT cholangiography from Japan 🇯🇵

👉 Read the article:
https://t.co/kw1J18gV7F

👉 And join the webinar on April 20 as well!
https://t.co/kyfumdJ1tQ","🤔Are you interested in the biliary branching pattern of the caudate lobe in PHCC?

📄Here is a report on its assessment using ENBD-CT cholangiography from Japan 🇯🇵

👉 Read the article:
<a href=""https://onlinelibrary.wiley.com/doi/abs/10.1002/jhbp.12073"">onlinelibrary.wiley.com/doi/…</a>

👉 And join the webinar on April 20 as well!
<a href=""https://www.jshbps.jp/modules/en/index.php?content_id=64"">jshbps.jp/modules/en/index.p…</a>",False,,,1h,"Mar 30, 2026 · 2:10 AM UTC",2026-03-30T02:10:00Z,,"['https://onlinelibrary.wiley.com/doi/abs/10.1002/jhbp.12073', 'https://www.jshbps.jp/modules/en/index.php?content_id=64']",0.0,2.0,4.0,134.0,ENBD,"🤔Are you interested in the biliary branching pattern of the caudate lobe in PHCC?

📄Here is a report on its assessment using ENBD-CT cholangiography from Japan 🇯🇵

👉 Read the article:
onlinelibrary.wiley.com/doi/…

👉 And join the webinar on April 20 as well!
jshbps.jp/modules/en/index.p…",https://x.com/JSHBPS/status/2038438591886761989,"🤔Are you interested in the biliary branching pattern of the caudate lobe in PHCC?

📄Here is a report on its assessment using ENBD-CT cholangiography from Japan 🇯🇵

👉 Read the article:
https://t.co/kw1J18gV7F

👉 And join the webinar on April 20 as well!
https://t.co/kyfumdJ1tQ","🤔Are you interested in the biliary branching pattern of the caudate lobe in PHCC?

📄Here is a report on its assessment using ENBD-CT cholangiography from Japan 🇯🇵

👉 Read the article:
https://t.co/kw1J18gV7F

👉 And join the webinar on April 20 as well!
https://t.co/kyfumdJ1tQ",Are you interested in the biliary branching pattern of the caudate lobe in PHCC? Here is a report on its assessment using ENBD-CT cholangiography from Japan. Read the article: https://t.co/kw1J18gV7F And join the webinar on April 20 as well! https://t.co/kyfumdJ1tQ,Cust,Neutral
2038363567980687604,https://x.com/Sal_947/status/2038363567980687604,https://x.com/Sal_947,Sal_947,Saleh Alzaid,https://pbs.twimg.com/profile_images/1982111832753012736/aYigouPI_bigger.jpg,,@EmiratesNBD_AE ممكن خاص,"<a href=""/EmiratesNBD_AE"" title=""Emirates NBD"">@EmiratesNBD_AE</a> ممكن خاص",False,,,6h,"Mar 29, 2026 · 9:12 PM UTC",2026-03-29T21:12:00Z,,['https://x.com/EmiratesNBD_AE'],0.0,0.0,0.0,2.0,ENBD,@EmiratesNBD_AE ممكن خاص,https://x.com/Sal_947/status/2038363567980687604,@EmiratesNBD_AE ممكن خاص,@EmiratesNBD_AE ممكن خاص,@EmiratesNBD_AE can we talk privately?,Cust,Neutral
2038353293085491649,https://x.com/Singhania_bull/status/2038353293085491649,https://x.com/Singhania_bull,Singhania_bull,Manish Agrawal,https://pbs.twimg.com/profile_images/1463023013876486144/7S1tnwif_bigger.png,,This is a scam by @EmiratesNBD_AE Sales rep Saifan at LuLu Hypermarket (WTC Mall) promised AED 500 rebate on activation—never paid. Card got suspended after charging joining fee. No response from support or recovery team. Investigate this scam and refund my fee immediately. https://t.co/ttd05DY5dE,"<a href=""/Divinecamera__"" title=""Lex Shayne Nelson)"">@Divinecamera__</a>  <a href=""/EmiratesNBD_AE"" title=""Emirates NBD"">@EmiratesNBD_AE</a> 
This is a scam by nbd. Sales rep Saifan at LuLu WTC Mall promised AE 500 rebate on activation never paid. Card got suspended after charging joining fee. No response from support or recovery team. Investigate this scam nd refund my fee immediately",False,,,7h,"Mar 29, 2026 · 8:31 PM UTC",2026-03-29T20:31:00Z,,"['https://x.com/Divinecamera__', 'https://x.com/EmiratesNBD_AE']",0.0,0.0,0.0,2.0,ENBD,"@Divinecamera__  @EmiratesNBD_AE 
This is a scam by nbd. Sales rep Saifan at LuLu WTC Mall promised AE 500 rebate on activation never paid. Card got suspended after charging joining fee. No response from support or recovery team. Investigate this scam nd refund my fee immediately",https://x.com/Singhania_bull/status/2038353293085491649,This is a scam by @EmiratesNBD_AE Sales rep Saifan at LuLu Hypermarket (WTC Mall) promised AED 500 rebate on activation—never paid. Card got suspended after charging joining fee. No response from support or recovery team. Investigate this scam and refund my fee immediately. https://t.co/ttd05DY5dE,This is a scam by @EmiratesNBD_AE Sales rep Saifan at LuLu Hypermarket (WTC Mall) promised AED 500 rebate on activation—never paid. Card got suspended after charging joining fee. No response from support or recovery team. Investigate this scam and refund my fee immediately. https://t.co/ttd05DY5dE,This is a scam by @EmiratesNBD_AE. Sales representative Saifan at LuLu Hypermarket (WTC Mall) promised a AED 500 rebate on activation but never paid. The card was suspended after charging the joining fee. There has been no response from support or the recovery team. Investigate this scam and refund my fee immediately.,Cust,Negative
2038351885506331030,https://x.com/Singhania_bull/status/2038351885506331030,https://x.com/Singhania_bull,Singhania_bull,Manish Agrawal,https://pbs.twimg.com/profile_images/1463023013876486144/7S1tnwif_bigger.png,,"Avoid public Wi-Fi for banking. Data can be intercepted.

Stay Safe, Stay Vigilant. #UnitedAgainstFraud

https://t.co/YpRWtBZrhq","This is a scam by <a href=""/EmiratesNBD_AE"" title=""Emirates NBD"">@EmiratesNBD_AE</a> Sales rep Saifan at LuLu Hypermarket (WTC Mall) promised AED 500 rebate on activation—never paid. Card got suspended after charging joining fee. No response from support or recovery team. Investigate this scam and refund my fee immediately.",False,,['EmiratesNBD_AE'],7h,"Mar 29, 2026 · 8:25 PM UTC",2026-03-29T20:25:00Z,,['https://x.com/EmiratesNBD_AE'],0.0,0.0,0.0,5.0,ENBD,This is a scam by @EmiratesNBD_AE Sales rep Saifan at LuLu Hypermarket (WTC Mall) promised AED 500 rebate on activation—never paid. Card got suspended after charging joining fee. No response from support or recovery team. Investigate this scam and refund my fee immediately.,https://x.com/Singhania_bull/status/2038351885506331030,"Avoid public Wi-Fi for banking. Data can be intercepted.

Stay Safe, Stay Vigilant. #UnitedAgainstFraud

https://t.co/YpRWtBZrhq","Avoid public Wi-Fi for banking. Data can be intercepted.

Stay Safe, Stay Vigilant. #UnitedAgainstFraud

https://t.co/YpRWtBZrhq","Avoid public Wi-Fi for banking. Data can be intercepted.

Stay Safe, Stay Vigilant. #UnitedAgainstFraud",Cust,Neutral
2038351745475342687,https://x.com/Singhania_bull/status/2038351745475342687,https://x.com/Singhania_bull,Singhania_bull,Manish Agrawal,https://pbs.twimg.com/profile_images/1463023013876486144/7S1tnwif_bigger.png,,This is a scam by @EmiratesNBD_AE Sales rep Saifan at LuLu Hypermarket (WTC Mall) promised AED 500 rebate on activation—never paid. Card got suspended after charging joining fee. No response from support or recovery team. Investigate this scam and refund my fee immediately.,"This is a scam by <a href=""/EmiratesNBD_AE"" title=""Emirates NBD"">@EmiratesNBD_AE</a> Sales rep Saifan at LuLu Hypermarket (WTC Mall) promised AED 500 rebate on activation—never paid. Card got suspended after charging joining fee. No response from support or recovery team. Investigate this scam and refund my fee immediately.",False,,,7h,"Mar 29, 2026 · 8:25 PM UTC",2026-03-29T20:25:00Z,,['https://x.com/EmiratesNBD_AE'],0.0,0.0,0.0,3.0,ENBD,This is a scam by @EmiratesNBD_AE Sales rep Saifan at LuLu Hypermarket (WTC Mall) promised AED 500 rebate on activation—never paid. Card got suspended after charging joining fee. No response from support or recovery team. Investigate this scam and refund my fee immediately.,,,This is a scam by @EmiratesNBD_AE Sales rep Saifan at LuLu Hypermarket (WTC Mall) promised AED 500 rebate on activation—never paid. Card got suspended after charging joining fee. No response from support or recovery team. Investigate this scam and refund my fee immediately.,This is a scam by @EmiratesNBD_AE. Sales representative Saifan at LuLu Hypermarket (WTC Mall) promised a AED 500 rebate on activation but never paid. The card was suspended after charging the joining fee. There has been no response from the support or recovery team. Investigate this scam and refund my fee immediately.,Cust,Negative
2038350284154700130,https://x.com/Singhania_bull/status/2038350284154700130,https://x.com/Singhania_bull,Singhania_bull,Manish Agrawal,https://pbs.twimg.com/profile_images/1463023013876486144/7S1tnwif_bigger.png,,This is a scam by @EmiratesNBD_AE Sales rep Saifan at LuLu Hypermarket (WTC Mall) promised AED 500 rebate on activation—never paid. Card got suspended after charging joining fee. No response from support or recovery team. Investigate this scam and refund my fee immediately. https://t.co/fdl6DSIJF0,"This is a scam by <a href=""/EmiratesNBD_AE"" title=""Emirates NBD"">@EmiratesNBD_AE</a> Sales rep Saifan at LuLu Hypermarket (WTC Mall) promised AED 500 rebate on activation—never paid. Card got suspended after charging joining fee. No response from support or recovery team. Investigate this scam and refund my fee immediately.",False,,,7h,"Mar 29, 2026 · 8:19 PM UTC",2026-03-29T20:19:00Z,,['https://x.com/EmiratesNBD_AE'],0.0,0.0,0.0,3.0,ENBD,This is a scam by @EmiratesNBD_AE Sales rep Saifan at LuLu Hypermarket (WTC Mall) promised AED 500 rebate on activation—never paid. Card got suspended after charging joining fee. No response from support or recovery team. Investigate this scam and refund my fee immediately.,https://x.com/Singhania_bull/status/2038350284154700130,This is a scam by @EmiratesNBD_AE Sales rep Saifan at LuLu Hypermarket (WTC Mall) promised AED 500 rebate on activation—never paid. Card got suspended after charging joining fee. No response from support or recovery team. Investigate this scam and refund my fee immediately. https://t.co/fdl6DSIJF0,This is a scam by @EmiratesNBD_AE Sales rep Saifan at LuLu Hypermarket (WTC Mall) promised AED 500 rebate on activation—never paid. Card got suspended after charging joining fee. No response from support or recovery team. Investigate this scam and refund my fee immediately. https://t.co/fdl6DSIJF0,This is a scam by @EmiratesNBD_AE. Sales representative Saifan at LuLu Hypermarket (WTC Mall) promised a AED 500 rebate on activation but never paid. The card was suspended after charging the joining fee. There has been no response from support or the recovery team. Investigate this scam and refund my fee immediately.,Cust,Negative
2038330352628818008,https://x.com/EmiratesNBD_EGY/status/2038330352628818008,https://x.com/EmiratesNBD_EGY,EmiratesNBD_EGY,Emirates NBD,https://pbs.twimg.com/profile_images/1762427526482108416/qjFPlJ1n_bigger.jpg,,"فيديو تعريفي عن «منحة علماء المستقبل»، التي أطلقها البنك المركزي المصري ووزارة التعليم العالي والبحث العلمي يتضمن (وصف المنحة ومزاياها، الفئات المستفيدة، شروط الحصول عليها، طريقة التبرع).

التبرع متاح عبر حساب 7070 في جميع البنوك المصرية أو من خلال تطبيق إنستاباي تحت مسمى "" منحة علماء المستقبل 7070"".
اصنع مستقبل.. اصنع فرقًا يدوم.

#منحة_علماء_المستقبل #البنك_المركزي_المصري #وزارة_التعليم_العالي #دعم_المتفوقين #المسؤولية_المجتمعية  #العلم_أساس_التنمية","Get 50% cashback when you use Apple Pay in all your purchases. Add your Emirates NBD Mastercard cards to Apple Wallet now.
To enroll in the campaign, send “ApplePay” to 16664 during the campaign period.

Terms and Conditions Apply.
Tax Registration Number: 204-897-319",False,,,9h,"Mar 29, 2026 · 7:00 PM UTC",2026-03-29T19:00:00Z,,,0.0,0.0,0.0,51.0,ENBD,"Get 50% cashback when you use Apple Pay in all your purchases. Add your Emirates NBD Mastercard cards to Apple Wallet now.
To enroll in the campaign, send “ApplePay” to 16664 during the campaign period.

Terms and Conditions Apply.
Tax Registration Number: 204-897-319",https://x.com/EmiratesNBD_EGY/status/2038330352628818008,"فيديو تعريفي عن «منحة علماء المستقبل»، التي أطلقها البنك المركزي المصري ووزارة التعليم العالي والبحث العلمي يتضمن (وصف المنحة ومزاياها، الفئات المستفيدة، شروط الحصول عليها، طريقة التبرع).

التبرع متاح عبر حساب 7070 في جميع البنوك المصرية أو من خلال تطبيق إنستاباي تحت مسمى "" منحة علماء المستقبل 7070"".
اصنع مستقبل.. اصنع فرقًا يدوم.

#منحة_علماء_المستقبل #البنك_المركزي_المصري #وزارة_التعليم_العالي #دعم_المتفوقين #المسؤولية_المجتمعية  #العلم_أساس_التنمية","فيديو تعريفي عن «منحة علماء المستقبل»، التي أطلقها البنك المركزي المصري ووزارة التعليم العالي والبحث العلمي يتضمن (وصف المنحة ومزاياها، الفئات المستفيدة، شروط الحصول عليها، طريقة التبرع).

التبرع متاح عبر حساب 7070 في جميع البنوك المصرية أو من خلال تطبيق إنستاباي تحت مسمى "" منحة علماء المستقبل 7070"".
اصنع مستقبل.. اصنع فرقًا يدوم.

#منحة_علماء_المستقبل #البنك_المركزي_المصري #وزارة_التعليم_العالي #دعم_المتفوقين #المسؤولية_المجتمعية  #العلم_أساس_التنمية","An introductory video about the ""Future Scholars Grant,"" launched by the Central Bank of Egypt and the Ministry of Higher Education and Scientific Research, includes (a description of the grant and its benefits, the target groups, eligibility criteria, and how to donate).

Donations are available through account 7070 in all Egyptian banks or via the Instapay app under the name ""Future Scholars Grant 7070.""
Create a future.. make a lasting difference.

#Future_Scholars_Grant #Central_Bank_of_Egypt #Ministry_of_Higher_Education #Supporting_Excellence #Social_Responsibility #Knowledge_is_the_Basis_of_Development",Bank,Neutral
2038313938333388952,https://x.com/EmiratesNBD_KSA/status/2038313938333388952,https://x.com/EmiratesNBD_KSA,EmiratesNBD_KSA,EmiratesNBD KSA,https://pbs.twimg.com/profile_images/1762427762424385536/iUFFKIOK_bigger.jpg,,مرحبًا، هل يمكننا معرفة سبب عدم رضاك؟ سيكون من المفيد جدًا إذا كان بإمكانك مشاركة المزيد من التفاصيل حول ذلك ورقم اتصالك معنا عبر الرسائل الخاصة.,مرحبًا، هل يمكننا معرفة سبب عدم رضاك؟ سيكون من المفيد جدًا إذا كان بإمكانك مشاركة المزيد من التفاصيل حول ذلك ورقم اتصالك معنا عبر الرسائل الخاصة.,False,,['coool_o7'],10h,"Mar 29, 2026 · 5:54 PM UTC",2026-03-29T17:54:00Z,,,0.0,0.0,0.0,3.0,ENBD,مرحبًا، هل يمكننا معرفة سبب عدم رضاك؟ سيكون من المفيد جدًا إذا كان بإمكانك مشاركة المزيد من التفاصيل حول ذلك ورقم اتصالك معنا عبر الرسائل الخاصة.,,,مرحبًا، هل يمكننا معرفة سبب عدم رضاك؟ سيكون من المفيد جدًا إذا كان بإمكانك مشاركة المزيد من التفاصيل حول ذلك ورقم اتصالك معنا عبر الرسائل الخاصة.,"Hello, can we know the reason for your dissatisfaction? It would be very helpful if you could share more details about it and your contact number with us via private messages.",Bank,Negative
2038313581930770680,https://x.com/coool_o7/status/2038313581930770680,https://x.com/coool_o7,coool_o7,mjnooooon..070,https://pbs.twimg.com/profile_images/664820161837441024/2_cBa7Nf_bigger.jpg,,"خصم 22% على طلباتك من نون مع بطاقات بنك الإمارات دبي الوطني الائتمانية باستخدام الكود ENBD 💳 

للتفاصيل:https://t.co/RZ3m0A3tFV https://t.co/XRtMkvS0M6",ليه ماتردوا على الايميل,False,,['EmiratesNBD_KSA'],10h,"Mar 29, 2026 · 5:53 PM UTC",2026-03-29T17:53:00Z,,,1.0,0.0,0.0,2.0,ENBD,ليه ماتردوا على الايميل,https://x.com/coool_o7/status/2038313581930770680,"خصم 22% على طلباتك من نون مع بطاقات بنك الإمارات دبي الوطني الائتمانية باستخدام الكود ENBD 💳 

للتفاصيل:https://t.co/RZ3m0A3tFV https://t.co/XRtMkvS0M6","خصم 22% على طلباتك من نون مع بطاقات بنك الإمارات دبي الوطني الائتمانية باستخدام الكود ENBD 💳 

للتفاصيل:https://t.co/RZ3m0A3tFV https://t.co/XRtMkvS0M6","22% discount on your orders from Noon with Emirates NBD credit cards using the code ENBD 💳 

For details: https://t.co/RZ3m0A3tFV https://t.co/XRtMkvS0M6",Cust,Positive
2038305823957385723,https://x.com/EmiratesNBD_EGY/status/2038305823957385723,https://x.com/EmiratesNBD_EGY,EmiratesNBD_EGY,Emirates NBD,https://pbs.twimg.com/profile_images/1762427526482108416/qjFPlJ1n_bigger.jpg,,"اكتشف بطاقات الخصم المباشر بالعملة الأجنبية من بنك الإمارات دبي الوطني!

بتخطط للسفر أو الدراسة في الخارج، بطاقة الخصم المباشر بالعملة الأجنبية موجودة معاك في أي مكان تروحه لتناسب احتياجاتك المختلفة.

خلي العالم بين ايديك وقم بإصدار بطاقة الخصم المباشر بالعملة الأجنبية دلوقتي واس",مرحبًا، هل يمكننا معرفة سبب عدم رضاك؟ سيكون من المفيد جدًا إذا كان بإمكانك مشاركة المزيد من التفاصيل حول ذلك ورقم اتصالك معنا عبر الرسائل الخاصة.,False,,['MohamedBak41652'],10h,"Mar 29, 2026 · 5:22 PM UTC",2026-03-29T17:22:00Z,,,0.0,0.0,0.0,1.0,ENBD,مرحبًا، هل يمكننا معرفة سبب عدم رضاك؟ سيكون من المفيد جدًا إذا كان بإمكانك مشاركة المزيد من التفاصيل حول ذلك ورقم اتصالك معنا عبر الرسائل الخاصة.,https://x.com/EmiratesNBD_EGY/status/2038305823957385723,"اكتشف بطاقات الخصم المباشر بالعملة الأجنبية من بنك الإمارات دبي الوطني!

بتخطط للسفر أو الدراسة في الخارج، بطاقة الخصم المباشر بالعملة الأجنبية موجودة معاك في أي مكان تروحه لتناسب احتياجاتك المختلفة.

خلي العالم بين ايديك وقم بإصدار بطاقة الخصم المباشر بالعملة الأجنبية دلوقتي واس","اكتشف بطاقات الخصم المباشر بالعملة الأجنبية من بنك الإمارات دبي الوطني!

بتخطط للسفر أو الدراسة في الخارج، بطاقة الخصم المباشر بالعملة الأجنبية موجودة معاك في أي مكان تروحه لتناسب احتياجاتك المختلفة.

خلي العالم بين ايديك وقم بإصدار بطاقة الخصم المباشر بالعملة الأجنبية دلوقتي واس","Discover the foreign currency debit cards from Emirates NBD!

Planning to travel or study abroad? The foreign currency debit card is with you wherever you go to meet your various needs.

Keep the world at your fingertips and issue your foreign currency debit card now!",Bank,Positive
2038298132224897207,https://x.com/PO_Doc_Clearing/status/2038298132224897207,https://x.com/PO_Doc_Clearing,PO_Doc_Clearing,Palm Oasis Documents Clearing,https://pbs.twimg.com/profile_images/2004147301141585921/W2Dpgvz1_bigger.jpg,,"Emirates NBD Bank Big Update: No ATM Fees Until 31st March!
Want to know what happened in the video? Click the link below to watch the full video👇
https://t.co/e10sV2KVrt https://t.co/5xqDgRlRPi","Emirates NBD Bank Big Update: No ATM Fees Until 31st March!
Want to know what happened in the video? Click the link below to watch the full video👇
<a href=""https://youtu.be/2IEp3XZaEj8"">youtu.be/2IEp3XZaEj8</a>",False,,,11h,"Mar 29, 2026 · 4:51 PM UTC",2026-03-29T16:51:00Z,,['https://youtu.be/2IEp3XZaEj8'],0.0,0.0,0.0,11.0,ENBD,"Emirates NBD Bank Big Update: No ATM Fees Until 31st March!
Want to know what happened in the video? Click the link below to watch the full video👇
youtu.be/2IEp3XZaEj8",https://x.com/PO_Doc_Clearing/status/2038298132224897207,"Emirates NBD Bank Big Update: No ATM Fees Until 31st March!
Want to know what happened in the video? Click the link below to watch the full video👇
https://t.co/e10sV2KVrt https://t.co/5xqDgRlRPi","Emirates NBD Bank Big Update: No ATM Fees Until 31st March!
Want to know what happened in the video? Click the link below to watch the full video👇
https://t.co/e10sV2KVrt https://t.co/5xqDgRlRPi",Emirates NBD Bank Big Update: No ATM Fees Until 31st March! Want to know what happened in the video? Click the link below to watch the full video.,Cust,Positive
2038289356947857641,https://x.com/PO_Doc_Clearing/status/2038289356947857641,https://x.com/PO_Doc_Clearing,PO_Doc_Clearing,Palm Oasis Documents Clearing,https://pbs.twimg.com/profile_images/2004147301141585921/W2Dpgvz1_bigger.jpg,,"Emirates NBD Bank Big Update 31st March tak ATM fees nahi hogi!
Want to know what happened in the video? Click the link below to watch the full video👇
https://t.co/r7F9oiTmj5 https://t.co/PE0ORStoAM","Emirates NBD Bank Big Update 31st March tak ATM fees nahi hogi!
Want to know what happened in the video? Click the link below to watch the full video👇
<a href=""https://youtu.be/1fqFjEEQPzk"">youtu.be/1fqFjEEQPzk</a>",False,,,11h,"Mar 29, 2026 · 4:17 PM UTC",2026-03-29T16:17:00Z,,['https://youtu.be/1fqFjEEQPzk'],0.0,0.0,0.0,7.0,ENBD,"Emirates NBD Bank Big Update 31st March tak ATM fees nahi hogi!
Want to know what happened in the video? Click the link below to watch the full video👇
youtu.be/1fqFjEEQPzk",https://x.com/PO_Doc_Clearing/status/2038289356947857641,"Emirates NBD Bank Big Update 31st March tak ATM fees nahi hogi!
Want to know what happened in the video? Click the link below to watch the full video👇
https://t.co/r7F9oiTmj5 https://t.co/PE0ORStoAM","Emirates NBD Bank Big Update 31st March tak ATM fees nahi hogi!
Want to know what happened in the video? Click the link below to watch the full video👇
https://t.co/r7F9oiTmj5 https://t.co/PE0ORStoAM",Emirates NBD Bank Big Update: There will be no ATM fees until March 31st! Want to know what happened in the video? Click the link below to watch the full video.,Cust,Positive
2038288099931746781,https://x.com/EmiratesNBD_AE/status/2038288099931746781,https://x.com/EmiratesNBD_AE,EmiratesNBD_AE,Emirates NBD,https://pbs.twimg.com/profile_images/1762427651271110656/jOUBidn8_bigger.jpg,,:))),👍,False,,['FahimeSh'],11h,"Mar 29, 2026 · 4:12 PM UTC",2026-03-29T16:12:00Z,,,0.0,0.0,1.0,3.0,ENBD,👍,https://x.com/EmiratesNBD_AE/status/2038288099931746781,:))),:))),The text is an emoticon and does not require translation.,Bank,Neutral
2038286105271804159,https://x.com/FahimeSh/status/2038286105271804159,https://x.com/FahimeSh,FahimeSh,fahimesh,https://pbs.twimg.com/profile_images/1718710165325668352/tZJV3t29_bigger.jpg,,آخیی your welcome,آخیی your welcome,False,,['EmiratesNBD_AE'],11h,"Mar 29, 2026 · 4:04 PM UTC",2026-03-29T16:04:00Z,,,1.0,0.0,0.0,8.0,ENBD,آخیی your welcome,,,آخیی your welcome,"Oh, you're welcome.",Cust,Neutral
2038281693853855892,https://x.com/EmiratesNBD_AE/status/2038281693853855892,https://x.com/EmiratesNBD_AE,EmiratesNBD_AE,Emirates NBD,https://pbs.twimg.com/profile_images/1762427651271110656/jOUBidn8_bigger.jpg,,"Thanks for showing interest in our product. Please find the below link for more details and form to fill and our team will reach you out as soon as possible. Thanks- Zubair 

emiratesnbd.com/en/campaigns…","Thanks for showing interest in our product. Please find the below link for more details and form to fill and our team will reach you out as soon as possible. Thanks- Zubair 

<a href=""https://www.emiratesnbd.com/en/campaigns/transfer-your-salary-earn-more"">emiratesnbd.com/en/campaigns…</a>",False,,['FahimeSh'],12h,"Mar 29, 2026 · 3:46 PM UTC",2026-03-29T15:46:00Z,,['https://www.emiratesnbd.com/en/campaigns/transfer-your-salary-earn-more'],1.0,0.0,0.0,243.0,ENBD,"Thanks for showing interest in our product. Please find the below link for more details and form to fill and our team will reach you out as soon as possible. Thanks- Zubair 

emiratesnbd.com/en/campaigns…",,,"Thanks for showing interest in our product. Please find the below link for more details and form to fill and our team will reach you out as soon as possible. Thanks- Zubair 

emiratesnbd.com/en/campaigns…","Thank you for showing interest in our product. Please find the link below for more details and a form to fill out, and our team will reach out to you as soon as possible. Thank you - Zubair",Bank,Neutral
2038280948626645368,https://x.com/FahimeSh/status/2038280948626645368,https://x.com/FahimeSh,FahimeSh,fahimesh,https://pbs.twimg.com/profile_images/1718710165325668352/tZJV3t29_bigger.jpg,,:))),:))),False,,,12h,"Mar 29, 2026 · 3:43 PM UTC",2026-03-29T15:43:00Z,,,1.0,0.0,4.0,432.0,ENBD,:))),,,:))),The text is not in a specific language and consists of emoticons. There is no translation needed.,Cust,Neutral
2038262791908250109,https://x.com/EmiratesNBD_EGY/status/2038262791908250109,https://x.com/EmiratesNBD_EGY,EmiratesNBD_EGY,Emirates NBD,https://pbs.twimg.com/profile_images/1762427526482108416/qjFPlJ1n_bigger.jpg,,"فيديو تعريفي عن «منحة علماء المستقبل»، التي أطلقها البنك المركزي المصري ووزارة التعليم العالي والبحث العلمي يتضمن (وصف المنحة ومزاياها، الفئات المستفيدة، شروط الحصول عليها، طريقة التبرع).

التبرع متاح عبر حساب 7070 في جميع البنوك المصرية أو من خلال تطبيق إنستاباي تحت مسمى "" منحة علماء المستقبل 7070"".
اصنع مستقبل.. اصنع فرقًا يدوم.

#منحة_علماء_المستقبل #البنك_المركزي_المصري #وزارة_التعليم_العالي #دعم_المتفوقين #المسؤولية_المجتمعية  #العلم_أساس_التنمية","فيديو تعريفي عن «منحة علماء المستقبل»، التي أطلقها البنك المركزي المصري ووزارة التعليم العالي والبحث العلمي يتضمن (وصف المنحة ومزاياها، الفئات المستفيدة، شروط الحصول عليها، طريقة التبرع).

التبرع متاح عبر حساب 7070 في جميع البنوك المصرية أو من خلال تطبيق إنستاباي تحت مسمى &#34; منحة علماء المستقبل 7070&#34;.
اصنع مستقبل.. اصنع فرقًا يدوم.

<a href=""/search?f=tweets&amp;q=%23منحة_علماء_المستقبل"">#منحة_علماء_المستقبل</a> <a href=""/search?f=tweets&amp;q=%23البنك_المركزي_المصري"">#البنك_المركزي_المصري</a> <a href=""/search?f=tweets&amp;q=%23وزارة_التعليم_العالي"">#وزارة_التعليم_العالي</a> <a href=""/search?f=tweets&amp;q=%23دعم_المتفوقين"">#دعم_المتفوقين</a> <a href=""/search?f=tweets&amp;q=%23المسؤولية_المجتمعية"">#المسؤولية_المجتمعية</a>  <a href=""/search?f=tweets&amp;q=%23العلم_أساس_التنمية"">#العلم_أساس_التنمية</a>",False,,,13h,"Mar 29, 2026 · 2:31 PM UTC",2026-03-29T14:31:00Z,,"['https://x.com/search?f=tweets&q=%23منحة_علماء_المستقبل', 'https://x.com/search?f=tweets&q=%23البنك_المركزي_المصري', 'https://x.com/search?f=tweets&q=%23وزارة_التعليم_العالي', 'https://x.com/search?f=tweets&q=%23دعم_المتفوقين', 'https://x.com/search?f=tweets&q=%23المسؤولية_المجتمعية', 'https://x.com/search?f=tweets&q=%23العلم_أساس_التنمية']",0.0,0.0,0.0,116.0,ENBD,"فيديو تعريفي عن «منحة علماء المستقبل»، التي أطلقها البنك المركزي المصري ووزارة التعليم العالي والبحث العلمي يتضمن (وصف المنحة ومزاياها، الفئات المستفيدة، شروط الحصول عليها، طريقة التبرع).

التبرع متاح عبر حساب 7070 في جميع البنوك المصرية أو من خلال تطبيق إنستاباي تحت مسمى "" منحة علماء المستقبل 7070"".
اصنع مستقبل.. اصنع فرقًا يدوم.

#منحة_علماء_المستقبل #البنك_المركزي_المصري #وزارة_التعليم_العالي #دعم_المتفوقين #المسؤولية_المجتمعية  #العلم_أساس_التنمية",,,"فيديو تعريفي عن «منحة علماء المستقبل»، التي أطلقها البنك المركزي المصري ووزارة التعليم العالي والبحث العلمي يتضمن (وصف المنحة ومزاياها، الفئات المستفيدة، شروط الحصول عليها، طريقة التبرع).

التبرع متاح عبر حساب 7070 في جميع البنوك المصرية أو من خلال تطبيق إنستاباي تحت مسمى "" منحة علماء المستقبل 7070"".
اصنع مستقبل.. اصنع فرقًا يدوم.

#منحة_علماء_المستقبل #البنك_المركزي_المصري #وزارة_التعليم_العالي #دعم_المتفوقين #المسؤولية_المجتمعية  #العلم_أساس_التنمية","An introductory video about the ""Future Scholars Grant,"" launched by the Central Bank of Egypt and the Ministry of Higher Education and Scientific Research, includes (a description of the grant and its benefits, the target groups, eligibility criteria, and how to donate).

Donations are available through account 7070 in all Egyptian banks or via the Instapay app under the name ""Future Scholars Grant 7070.""
Create a future... make a lasting difference.

#Future_Scholars_Grant #Central_Bank_of_Egypt #Ministry_of_Higher_Education #Supporting_Excellence #Social_Responsibility #Knowledge_is_the_Basis_of_Development",Bank,Neutral
2038242857610260545,https://x.com/Salma2232019/status/2038242857610260545,https://x.com/Salma2232019,Salma2232019,Salma,https://pbs.twimg.com/profile_images/2005729084433629184/I5VH__16_bigger.jpg,,"نفذت أموال أم خماس قبل نهاية الشهر.
 
هناك قاعدة بسيطة تُساعدها على إدارة أموالها بحكمة:
%50 للاحتياجات الأساسية
%30 للكماليات
%20 للادخار
 
خطة ذكية تمكّنك من الإنفاق والادخار والحفاظ على التحكم في ميزانيتك. هذه واحدة من العديد من النصائح التي يقدّمها لك برنامج البنك.

شاهد الحلقة وأخبرنا ما اسم البرنامج؟
 
للمشاركة:
- تابع حساب بنك الإمارات دبي الوطني
- قم بالإشارة إلى 3 من أصدقائك
- اكتب إجابتك في التعليقات أدناه لفرصة الفوز 10,000

Um Khammas ran out of cash before the month ended.

A simple rule can help her stay on track:
50% for needs
30% for wants
20% for savings

A smart plan that helps you spend, save and stay in control.

This is one of the many tips that the bank’s programme has in store.
Watch the episode and tell us the name of the programme?

To participate:
- Follow Emirates NBD
- Tag 3 friends
- Drop your answer below for a chance to win AED 10,000","Finewell
(Financial Well-being program ) with Emirates NBD .
<a href=""/zeynp_qas"" title=""zeynab kasem"">@zeynp_qas</a> 
<a href=""/Sosomostafa729S"" title=""Soha.mostafa77"">@Sosomostafa729S</a> 
<a href=""/Emy191990"" title=""Eman Mohamed"">@Emy191990</a>",False,,['EmiratesNBD_AE'],14h,"Mar 29, 2026 · 1:12 PM UTC",2026-03-29T13:12:00Z,,"['https://x.com/zeynp_qas', 'https://x.com/Sosomostafa729S', 'https://x.com/Emy191990']",0.0,0.0,0.0,7.0,ENBD,"Finewell
(Financial Well-being program ) with Emirates NBD .
@zeynp_qas 
@Sosomostafa729S 
@Emy191990",https://x.com/Salma2232019/status/2038242857610260545,"نفذت أموال أم خماس قبل نهاية الشهر.
 
هناك قاعدة بسيطة تُساعدها على إدارة أموالها بحكمة:
%50 للاحتياجات الأساسية
%30 للكماليات
%20 للادخار
 
خطة ذكية تمكّنك من الإنفاق والادخار والحفاظ على التحكم في ميزانيتك. هذه واحدة من العديد من النصائح التي يقدّمها لك برنامج البنك.

شاهد الحلقة وأخبرنا ما اسم البرنامج؟
 
للمشاركة:
- تابع حساب بنك الإمارات دبي الوطني
- قم بالإشارة إلى 3 من أصدقائك
- اكتب إجابتك في التعليقات أدناه لفرصة الفوز 10,000

Um Khammas ran out of cash before the month ended.

A simple rule can help her stay on track:
50% for needs
30% for wants
20% for savings

A smart plan that helps you spend, save and stay in control.

This is one of the many tips that the bank’s programme has in store.
Watch the episode and tell us the name of the programme?

To participate:
- Follow Emirates NBD
- Tag 3 friends
- Drop your answer below for a chance to win AED 10,000","نفذت أموال أم خماس قبل نهاية الشهر.
 
هناك قاعدة بسيطة تُساعدها على إدارة أموالها بحكمة:
%50 للاحتياجات الأساسية
%30 للكماليات
%20 للادخار
 
خطة ذكية تمكّنك من الإنفاق والادخار والحفاظ على التحكم في ميزانيتك. هذه واحدة من العديد من النصائح التي يقدّمها لك برنامج البنك.

شاهد الحلقة وأخبرنا ما اسم البرنامج؟
 
للمشاركة:
- تابع حساب بنك الإمارات دبي الوطني
- قم بالإشارة إلى 3 من أصدقائك
- اكتب إجابتك في التعليقات أدناه لفرصة الفوز 10,000

Um Khammas ran out of cash before the month ended.

A simple rule can help her stay on track:
50% for needs
30% for wants
20% for savings

A smart plan that helps you spend, save and stay in control.

This is one of the many tips that the bank’s programme has in store.
Watch the episode and tell us the name of the programme?

To participate:
- Follow Emirates NBD
- Tag 3 friends
- Drop your answer below for a chance to win AED 10,000","Um Khammas ran out of cash before the month ended.

A simple rule can help her manage her money wisely:
50% for basic needs
30% for luxuries
20% for savings

A smart plan that enables you to spend, save, and maintain control over your budget. This is one of the many tips offered by the bank's program.

Watch the episode and tell us the name of the program?

To participate:
- Follow Emirates NBD
- Tag 3 of your friends
- Write your answer in the comments below for a chance to win AED 10,000.",Cust,Positive
2038241936247549971,https://x.com/Salma2232019/status/2038241936247549971,https://x.com/Salma2232019,Salma2232019,Salma,https://pbs.twimg.com/profile_images/2005729084433629184/I5VH__16_bigger.jpg,,"Make Eid surprises even more valuable.
From silver to gold, discover a smarter way to own or gift something truly precious.
Watch this episode and tell us:
How can you buy gold and silver from the bank?

To participate:
Follow Emirates NBD
Tag 3 friends
Drop your answer below for a chance to win AED 10,000","Via the ENBD X Mobile App
<a href=""/Emy191990"" title=""Eman Mohamed"">@Emy191990</a> 
<a href=""/Sosomostafa729S"" title=""Soha.mostafa77"">@Sosomostafa729S</a> 
<a href=""/zeynp_qas"" title=""zeynab kasem"">@zeynp_qas</a>",False,,['EmiratesNBD_AE'],14h,"Mar 29, 2026 · 1:08 PM UTC",2026-03-29T13:08:00Z,,"['https://x.com/Emy191990', 'https://x.com/Sosomostafa729S', 'https://x.com/zeynp_qas']",0.0,0.0,0.0,3.0,ENBD,"Via the ENBD X Mobile App
@Emy191990 
@Sosomostafa729S 
@zeynp_qas",https://x.com/Salma2232019/status/2038241936247549971,"Make Eid surprises even more valuable.
From silver to gold, discover a smarter way to own or gift something truly precious.
Watch this episode and tell us:
How can you buy gold and silver from the bank?

To participate:
Follow Emirates NBD
Tag 3 friends
Drop your answer below for a chance to win AED 10,000","Make Eid surprises even more valuable.
From silver to gold, discover a smarter way to own or gift something truly precious.
Watch this episode and tell us:
How can you buy gold and silver from the bank?

To participate:
Follow Emirates NBD
Tag 3 friends
Drop your answer below for a chance to win AED 10,000","Make Eid surprises even more valuable. From silver to gold, discover a smarter way to own or gift something truly precious. Watch this episode and tell us: How can you buy gold and silver from the bank? To participate: Follow Emirates NBD Tag 3 friends Drop your answer below for a chance to win AED 10,000",Cust,Positive
2038241868757033339,https://x.com/Salma2232019/status/2038241868757033339,https://x.com/Salma2232019,Salma2232019,Salma,https://pbs.twimg.com/profile_images/2005729084433629184/I5VH__16_bigger.jpg,,"اجعل مفاجآت العيد أكثر قيمة.
من الفضة إلى الذهب، اكتشف طريقة أذكى لامتلاك أو إهداء شيء ثمين بحق.
شاهد هذه الحلقة وأخبرنا:
كيف يمكنك شراء الذهب والفضه من البنك؟

للمشاركة:
تابع حساب بنك الإمارات دبي الوطني 
قم بالإشارة إلى 3 من أصدقائك
اكتب إجابتك في التعليقات أدناه لفرصة ربح 10,000 درهم","Via the ENBD X Mobile App
<a href=""/Emy191990"" title=""Eman Mohamed"">@Emy191990</a> 
<a href=""/Sosomostafa729S"" title=""Soha.mostafa77"">@Sosomostafa729S</a> 
<a href=""/zeynp_qas"" title=""zeynab kasem"">@zeynp_qas</a>",False,,['EmiratesNBD_AE'],14h,"Mar 29, 2026 · 1:08 PM UTC",2026-03-29T13:08:00Z,,"['https://x.com/Emy191990', 'https://x.com/Sosomostafa729S', 'https://x.com/zeynp_qas']",0.0,0.0,0.0,3.0,ENBD,"Via the ENBD X Mobile App
@Emy191990 
@Sosomostafa729S 
@zeynp_qas",https://x.com/Salma2232019/status/2038241868757033339,"اجعل مفاجآت العيد أكثر قيمة.
من الفضة إلى الذهب، اكتشف طريقة أذكى لامتلاك أو إهداء شيء ثمين بحق.
شاهد هذه الحلقة وأخبرنا:
كيف يمكنك شراء الذهب والفضه من البنك؟

للمشاركة:
تابع حساب بنك الإمارات دبي الوطني 
قم بالإشارة إلى 3 من أصدقائك
اكتب إجابتك في التعليقات أدناه لفرصة ربح 10,000 درهم","اجعل مفاجآت العيد أكثر قيمة.
من الفضة إلى الذهب، اكتشف طريقة أذكى لامتلاك أو إهداء شيء ثمين بحق.
شاهد هذه الحلقة وأخبرنا:
كيف يمكنك شراء الذهب والفضه من البنك؟

للمشاركة:
تابع حساب بنك الإمارات دبي الوطني 
قم بالإشارة إلى 3 من أصدقائك
اكتب إجابتك في التعليقات أدناه لفرصة ربح 10,000 درهم","Make holiday surprises more valuable. From silver to gold, discover a smarter way to own or gift something truly precious. Watch this episode and tell us: How can you buy gold and silver from the bank? 

To participate: Follow the Emirates NBD account Tag 3 of your friends Write your answer in the comments below for a chance to win 10,000 dirhams.",Cust,Positive
2038234797839941987,https://x.com/Lura____3/status/2038234797839941987,https://x.com/Lura____3,Lura____3,RERE,https://pbs.twimg.com/profile_images/1880007160555294720/mqO0utK5_bigger.jpg,,نصيحة اليوم | رمضان https://t.co/DwvdZpkUhh,ما اقدر ارسل لكم,False,,['EmiratesNBD_AE'],15h,"Mar 29, 2026 · 12:40 PM UTC",2026-03-29T12:40:00Z,,,0.0,0.0,0.0,3.0,ENBD,ما اقدر ارسل لكم,https://x.com/Lura____3/status/2038234797839941987,نصيحة اليوم | رمضان https://t.co/DwvdZpkUhh,نصيحة اليوم | رمضان https://t.co/DwvdZpkUhh,Today's advice | Ramadan,Cust,Neutral
2038232771412308481,https://x.com/EmiratesNBD_AE/status/2038232771412308481,https://x.com/EmiratesNBD_AE,EmiratesNBD_AE,Emirates NBD,https://pbs.twimg.com/profile_images/1762427651271110656/jOUBidn8_bigger.jpg,,نأسف بشدة للتأخير، يُرجى تزويدنا برقم هاتفك المسجل عبر رسالة خاصة حتى نتمكن من ترتيب معاودة الاتصال بك من قِبل فريقنا. شكرًا.,نأسف بشدة للتأخير، يُرجى تزويدنا برقم هاتفك المسجل عبر رسالة خاصة حتى نتمكن من ترتيب معاودة الاتصال بك من قِبل فريقنا. شكرًا.,False,,['Lura____3'],15h,"Mar 29, 2026 · 12:32 PM UTC",2026-03-29T12:32:00Z,,,1.0,0.0,0.0,20.0,ENBD,نأسف بشدة للتأخير، يُرجى تزويدنا برقم هاتفك المسجل عبر رسالة خاصة حتى نتمكن من ترتيب معاودة الاتصال بك من قِبل فريقنا. شكرًا.,,,نأسف بشدة للتأخير، يُرجى تزويدنا برقم هاتفك المسجل عبر رسالة خاصة حتى نتمكن من ترتيب معاودة الاتصال بك من قِبل فريقنا. شكرًا.,We sincerely apologize for the delay. Please provide us with your registered phone number via a private message so that we can arrange for our team to call you back. Thank you.,Bank,Negative
2038232336085426354,https://x.com/Lura____3/status/2038232336085426354,https://x.com/Lura____3,Lura____3,RERE,https://pbs.twimg.com/profile_images/1880007160555294720/mqO0utK5_bigger.jpg,,سبق وتم تعببأته ماتلقيت اتصال,سبق وتم تعببأته ماتلقيت اتصال,False,,['EmiratesNBD_AE'],15h,"Mar 29, 2026 · 12:30 PM UTC",2026-03-29T12:30:00Z,,,1.0,0.0,0.0,24.0,ENBD,سبق وتم تعببأته ماتلقيت اتصال,,,سبق وتم تعببأته ماتلقيت اتصال,I previously filled it out but did not receive a call.,Cust,Negative
2038232165763182691,https://x.com/EmiratesNBD_AE/status/2038232165763182691,https://x.com/EmiratesNBD_AE,EmiratesNBD_AE,Emirates NBD,https://pbs.twimg.com/profile_images/1762427651271110656/jOUBidn8_bigger.jpg,,"نشكركم على اهتمامكم بمنتجاتنا، يرجى زيارة الرابط أدناه وتعبئة بياناتكم، وسيتواصل معكم فريق المبيعات لدينا خلال يومي عمل. الحد الأدنى للراتب المطلوب هو 5000 درهم إماراتي. شكرًا - زبير

beta.emiratesnbd.com/en/Camp…","نشكركم على اهتمامكم بمنتجاتنا، يرجى زيارة الرابط أدناه وتعبئة بياناتكم، وسيتواصل معكم فريق المبيعات لدينا خلال يومي عمل. الحد الأدنى للراتب المطلوب هو 5000 درهم إماراتي. شكرًا - زبير

<a href=""https://beta.emiratesnbd.com/en/Campaigns/social-media-apply?SOURCE=&amp;REF&amp;ref=legacy&amp;legacy_redirect=true"">beta.emiratesnbd.com/en/Camp…</a>",False,,['Lura____3'],15h,"Mar 29, 2026 · 12:29 PM UTC",2026-03-29T12:29:00Z,,['https://beta.emiratesnbd.com/en/Campaigns/social-media-apply?SOURCE=&REF&ref=legacy&legacy_redirect=true'],1.0,0.0,0.0,37.0,ENBD,"نشكركم على اهتمامكم بمنتجاتنا، يرجى زيارة الرابط أدناه وتعبئة بياناتكم، وسيتواصل معكم فريق المبيعات لدينا خلال يومي عمل. الحد الأدنى للراتب المطلوب هو 5000 درهم إماراتي. شكرًا - زبير

beta.emiratesnbd.com/en/Camp…",,,"نشكركم على اهتمامكم بمنتجاتنا، يرجى زيارة الرابط أدناه وتعبئة بياناتكم، وسيتواصل معكم فريق المبيعات لدينا خلال يومي عمل. الحد الأدنى للراتب المطلوب هو 5000 درهم إماراتي. شكرًا - زبير

beta.emiratesnbd.com/en/Camp…","Thank you for your interest in our products. Please visit the link below and fill in your details, and our sales team will contact you within two working days. The minimum required salary is 5000 AED. Thank you - Zubair",Bank,Neutral
2038231563272351811,https://x.com/Lura____3/status/2038231563272351811,https://x.com/Lura____3,Lura____3,RERE,https://pbs.twimg.com/profile_images/1880007160555294720/mqO0utK5_bigger.jpg,,ابي اقدم طلب تمويل شخصي كيف تساعدوني محد يرد,ابي اقدم طلب تمويل شخصي كيف تساعدوني محد يرد,False,,['EmiratesNBD_AE'],15h,"Mar 29, 2026 · 12:27 PM UTC",2026-03-29T12:27:00Z,,,1.0,0.0,0.0,37.0,ENBD,ابي اقدم طلب تمويل شخصي كيف تساعدوني محد يرد,,,ابي اقدم طلب تمويل شخصي كيف تساعدوني محد يرد,I want to apply for a personal loan. How can you help me? No one is responding.,Cust,Negative
2038225382005146043,https://x.com/zola_app/status/2038225382005146043,https://x.com/zola_app,zola_app,Zola,https://pbs.twimg.com/profile_images/2026579810441678848/Bq-izqc4_bigger.jpg,,"[1/8]
Everyone quotes ""from AED 5,750"" for a UAE free zone company.

That number is real. It is also deeply incomplete.

Here is what you will actually spend in Year 1 as a solo founder, line by line.","[5/8]
Bank accounts are free to open at most banks.

The catch: minimum deposits of AED 5,000-50,000 depending on the bank.

Wio, Mashreq Neo, RAKBANK are friendlier to new free zone companies. Tier 1 banks like Emirates NBD want to see revenue first.",False,,,15h,"Mar 29, 2026 · 12:02 PM UTC",2026-03-29T12:02:00Z,,,1.0,0.0,0.0,19.0,ENBD,"[5/8]
Bank accounts are free to open at most banks.

The catch: minimum deposits of AED 5,000-50,000 depending on the bank.

Wio, Mashreq Neo, RAKBANK are friendlier to new free zone companies. Tier 1 banks like Emirates NBD want to see revenue first.",https://x.com/zola_app/status/2038225382005146043,"[1/8]
Everyone quotes ""from AED 5,750"" for a UAE free zone company.

That number is real. It is also deeply incomplete.

Here is what you will actually spend in Year 1 as a solo founder, line by line.","[1/8]
Everyone quotes ""from AED 5,750"" for a UAE free zone company.

That number is real. It is also deeply incomplete.

Here is what you will actually spend in Year 1 as a solo founder, line by line.","Everyone quotes ""from AED 5,750"" for a UAE free zone company. That number is real. It is also deeply incomplete. Here is what you will actually spend in Year 1 as a solo founder, line by line.",Cust,Neutral
2038222517400392098,https://x.com/DigitalMedia_LM/status/2038222517400392098,https://x.com/DigitalMedia_LM,DigitalMedia_LM,Laura McDonald,https://pbs.twimg.com/profile_images/1500138803381501952/VQ6j3ezr_bigger.jpg,,"It’s breaking. But back the truck US isn’t publicly engaging in dip efforts, if Iran refuses to engage back. So who is the bigger liar?",🤔🤓,False,,,16h,"Mar 29, 2026 · 11:51 AM UTC",2026-03-29T11:51:00Z,,,0.0,0.0,0.0,15.0,ENBD,🤔🤓,https://x.com/DigitalMedia_LM/status/2038222517400392098,"It’s breaking. But back the truck US isn’t publicly engaging in dip efforts, if Iran refuses to engage back. So who is the bigger liar?","It’s breaking. But back the truck US isn’t publicly engaging in dip efforts, if Iran refuses to engage back. So who is the bigger liar?",It's breaking. But the US isn't publicly engaging in diplomatic efforts if Iran refuses to respond. So who is the bigger liar?,Cust,Neutral
2038220563748098517,https://x.com/marcelraj/status/2038220563748098517,https://x.com/marcelraj,marcelraj,Marcel Raj,https://pbs.twimg.com/profile_images/980770440766517248/keE9mwcw_bigger.jpg,,"حلّ فزورة رمضان واربح 10,000 درهم.

من توزيع الوجبات، إلى دعم العاملين وقضاء الوقت مع كبار المواطنين، يجمع برنامج واحد كل ذلك تحت مظلًة واحدة.

ما اسم هذا البرنامج؟

للمشاركة:
1.تابع حساب بنك الإمارات دبي الوطني
2.قم بالإشارة إلى 3 من أصدقائك
3.اكتب إجابتك في التعليقات أدناه https://t.co/aADoQF5a2E","Exchanger volunteering program 
<a href=""/parulghalout"" title=""parul ghalout"">@parulghalout</a>
<a href=""/Fr638"" title=""Faris _m"">@Fr638</a>
<a href=""/Fayaz01150103"" title=""Fayaz"">@Fayaz01150103</a>",False,,['EmiratesNBD_AE'],16h,"Mar 29, 2026 · 11:43 AM UTC",2026-03-29T11:43:00Z,,"['https://x.com/parulghalout', 'https://x.com/Fr638', 'https://x.com/Fayaz01150103']",0.0,0.0,0.0,2.0,ENBD,"Exchanger volunteering program 
@parulghalout
@Fr638
@Fayaz01150103",https://x.com/marcelraj/status/2038220563748098517,"حلّ فزورة رمضان واربح 10,000 درهم.

من توزيع الوجبات، إلى دعم العاملين وقضاء الوقت مع كبار المواطنين، يجمع برنامج واحد كل ذلك تحت مظلًة واحدة.

ما اسم هذا البرنامج؟

للمشاركة:
1.تابع حساب بنك الإمارات دبي الوطني
2.قم بالإشارة إلى 3 من أصدقائك
3.اكتب إجابتك في التعليقات أدناه https://t.co/aADoQF5a2E","حلّ فزورة رمضان واربح 10,000 درهم.

من توزيع الوجبات، إلى دعم العاملين وقضاء الوقت مع كبار المواطنين، يجمع برنامج واحد كل ذلك تحت مظلًة واحدة.

ما اسم هذا البرنامج؟

للمشاركة:
1.تابع حساب بنك الإمارات دبي الوطني
2.قم بالإشارة إلى 3 من أصدقائك
3.اكتب إجابتك في التعليقات أدناه https://t.co/aADoQF5a2E","Solve the Ramadan riddle and win 10,000 dirhams.

From meal distribution to supporting workers and spending time with senior citizens, one program brings all of that under one umbrella.

What is the name of this program?

To participate:
1. Follow the Emirates NBD account
2. Tag 3 of your friends
3. Write your answer in the comments below.",Cust,Neutral
2038211361335824398,https://x.com/EmiratesNBD_KSA/status/2038211361335824398,https://x.com/EmiratesNBD_KSA,EmiratesNBD_KSA,EmiratesNBD KSA,https://pbs.twimg.com/profile_images/1762427762424385536/iUFFKIOK_bigger.jpg,,@EmiratesNBD_KSA ليش ماتردون على الخاص,"مرحباً, يرجى الاتصال بخدمة العملاء لدينا على الرقم  المجاني 8007547777 و من خارج المملكة على 009660112122333 وسيتمكن أحد موظفينا من مساعدتك بهذا الأمر.",False,,['a_m_alazizi'],16h,"Mar 29, 2026 · 11:07 AM UTC",2026-03-29T11:07:00Z,,,0.0,0.0,0.0,36.0,ENBD,"مرحباً, يرجى الاتصال بخدمة العملاء لدينا على الرقم  المجاني 8007547777 و من خارج المملكة على 009660112122333 وسيتمكن أحد موظفينا من مساعدتك بهذا الأمر.",https://x.com/EmiratesNBD_KSA/status/2038211361335824398,@EmiratesNBD_KSA ليش ماتردون على الخاص,@EmiratesNBD_KSA ليش ماتردون على الخاص,@EmiratesNBD_KSA why don't you respond to private messages?,Bank,Negative
2038208875543884093,https://x.com/a_m_alazizi/status/2038208875543884093,https://x.com/a_m_alazizi,a_m_alazizi,عبدالرحمن مناور,https://pbs.twimg.com/profile_images/1745700634349764608/AVHo2vzs_bigger.jpg,,@EmiratesNBD_KSA ليش ماتردون على الخاص,"<a href=""/EmiratesNBD_KSA"" title=""EmiratesNBD KSA"">@EmiratesNBD_KSA</a> ليش ماتردون على الخاص",False,,,17h,"Mar 29, 2026 · 10:57 AM UTC",2026-03-29T10:57:00Z,,['https://x.com/EmiratesNBD_KSA'],1.0,0.0,0.0,21.0,ENBD,@EmiratesNBD_KSA ليش ماتردون على الخاص,,,@EmiratesNBD_KSA ليش ماتردون على الخاص,@EmiratesNBD_KSA Why don't you respond to private messages?,Cust,Negative
2038208835433681181,https://x.com/a_m_alazizi/status/2038208835433681181,https://x.com/a_m_alazizi,a_m_alazizi,عبدالرحمن مناور,https://pbs.twimg.com/profile_images/1745700634349764608/AVHo2vzs_bigger.jpg,,"تعامل بوعي
قبل الاستفادة من أي منتج أو خدمة بنكية، اطّلع على الشروط والأحكام والرسوم، وتعرّف على حقوقك ومسؤولياتك.
ولخدمتكم، يمكنكم تقديم الشكاوى والاستفسارات عبر القنوات الرسمية المعتمدة للبنك https://t.co/2mSBcRvH7G",ليش ماتردون على الخاص,False,,['EmiratesNBD_KSA'],17h,"Mar 29, 2026 · 10:57 AM UTC",2026-03-29T10:57:00Z,,,0.0,0.0,0.0,1.0,ENBD,ليش ماتردون على الخاص,https://x.com/a_m_alazizi/status/2038208835433681181,"تعامل بوعي
قبل الاستفادة من أي منتج أو خدمة بنكية، اطّلع على الشروط والأحكام والرسوم، وتعرّف على حقوقك ومسؤولياتك.
ولخدمتكم، يمكنكم تقديم الشكاوى والاستفسارات عبر القنوات الرسمية المعتمدة للبنك https://t.co/2mSBcRvH7G","تعامل بوعي
قبل الاستفادة من أي منتج أو خدمة بنكية، اطّلع على الشروط والأحكام والرسوم، وتعرّف على حقوقك ومسؤولياتك.
ولخدمتكم، يمكنكم تقديم الشكاوى والاستفسارات عبر القنوات الرسمية المعتمدة للبنك https://t.co/2mSBcRvH7G","Act consciously  
Before benefiting from any banking product or service, review the terms and conditions and fees, and understand your rights and responsibilities.  
For your service, you can submit complaints and inquiries through the bank's official approved channels.",Cust,Neutral
2038199951327457478,https://x.com/EmiratesNBD_AE/status/2038199951327457478,https://x.com/EmiratesNBD_AE,EmiratesNBD_AE,Emirates NBD,https://pbs.twimg.com/profile_images/1762427651271110656/jOUBidn8_bigger.jpg,,@EmiratesNBD_AE need help,"Hi Harsh, thanks for reaching us, please write us in details about your concern via direct message, and we will review and help you out accordingly. Thanks- Zubair",False,,['theHT4'],17h,"Mar 29, 2026 · 10:21 AM UTC",2026-03-29T10:21:00Z,,,0.0,0.0,0.0,42.0,ENBD,"Hi Harsh, thanks for reaching us, please write us in details about your concern via direct message, and we will review and help you out accordingly. Thanks- Zubair",https://x.com/EmiratesNBD_AE/status/2038199951327457478,@EmiratesNBD_AE need help,@EmiratesNBD_AE need help,@EmiratesNBD_AE need help,Bank,Neutral
2038199225138442421,https://x.com/theHT4/status/2038199225138442421,https://x.com/theHT4,theHT4,Harsh T,https://pbs.twimg.com/profile_images/1681010934867697664/e3_79n4J_bigger.jpg,,@EmiratesNBD_AE need help,"<a href=""/EmiratesNBD_AE"" title=""Emirates NBD"">@EmiratesNBD_AE</a> need help",False,,,17h,"Mar 29, 2026 · 10:18 AM UTC",2026-03-29T10:18:00Z,,['https://x.com/EmiratesNBD_AE'],1.0,0.0,0.0,10.0,ENBD,@EmiratesNBD_AE need help,,,@EmiratesNBD_AE need help,@EmiratesNBD_AE need help,Cust,Neutral
2038194022280282249,https://x.com/EmiratesNBD_KSA/status/2038194022280282249,https://x.com/EmiratesNBD_KSA,EmiratesNBD_KSA,EmiratesNBD KSA,https://pbs.twimg.com/profile_images/1762427762424385536/iUFFKIOK_bigger.jpg,,@EmiratesNBD_KSA قدمت اكثر من طلب استفسار للتمويل العقاري ومن نموذج الموقع وما وصلني اي اتصال او افادة,شكراً لتواصلك معنا وإظهار اهتمامك بمنتجنا. يرجى مشاركتنا برقم هاتفك الجوال المسجل ومكان السكن في المملكة العربية السعودية حتى نتمكن من ترتيب اتصال معك من قبل فريقنا. مع التحية,False,,['M17322417'],18h,"Mar 29, 2026 · 9:58 AM UTC",2026-03-29T09:58:00Z,,,0.0,0.0,0.0,19.0,ENBD,شكراً لتواصلك معنا وإظهار اهتمامك بمنتجنا. يرجى مشاركتنا برقم هاتفك الجوال المسجل ومكان السكن في المملكة العربية السعودية حتى نتمكن من ترتيب اتصال معك من قبل فريقنا. مع التحية,https://x.com/EmiratesNBD_KSA/status/2038194022280282249,@EmiratesNBD_KSA قدمت اكثر من طلب استفسار للتمويل العقاري ومن نموذج الموقع وما وصلني اي اتصال او افادة,@EmiratesNBD_KSA قدمت اكثر من طلب استفسار للتمويل العقاري ومن نموذج الموقع وما وصلني اي اتصال او افادة,"I submitted more than one inquiry for real estate financing through the website form, and I haven't received any calls or feedback.",Bank,Negative
2038193508092109170,https://x.com/M17322417/status/2038193508092109170,https://x.com/M17322417,M17322417,M - #يارب_بلايستيشن5,https://pbs.twimg.com/profile_images/1288819440902078465/Twk32eXp_bigger.jpg,,قدمت اكثر من طلب استفسار للتمويل العقاري ومن نموذج الموقع وما وصلني اي اتصال او افادة,قدمت اكثر من طلب استفسار للتمويل العقاري ومن نموذج الموقع وما وصلني اي اتصال او افادة,False,,['EmiratesNBD_KSA'],18h,"Mar 29, 2026 · 9:56 AM UTC",2026-03-29T09:56:00Z,,,1.0,0.0,0.0,21.0,ENBD,قدمت اكثر من طلب استفسار للتمويل العقاري ومن نموذج الموقع وما وصلني اي اتصال او افادة,,,قدمت اكثر من طلب استفسار للتمويل العقاري ومن نموذج الموقع وما وصلني اي اتصال او افادة,"I have submitted more than one inquiry for real estate financing through the website form, and I have not received any calls or feedback.",Cust,Negative
2038172102902055221,https://x.com/a_m_alazizi/status/2038172102902055221,https://x.com/a_m_alazizi,a_m_alazizi,عبدالرحمن مناور,https://pbs.twimg.com/profile_images/1745700634349764608/AVHo2vzs_bigger.jpg,,@EmiratesNBD_KSA ارجو الرد على الخاص,"<a href=""/EmiratesNBD_KSA"" title=""EmiratesNBD KSA"">@EmiratesNBD_KSA</a> ارجو الرد على الخاص",False,,,19h,"Mar 29, 2026 · 8:31 AM UTC",2026-03-29T08:31:00Z,,['https://x.com/EmiratesNBD_KSA'],0.0,0.0,0.0,8.0,ENBD,@EmiratesNBD_KSA ارجو الرد على الخاص,https://x.com/a_m_alazizi/status/2038172102902055221,@EmiratesNBD_KSA ارجو الرد على الخاص,@EmiratesNBD_KSA ارجو الرد على الخاص,Please respond to the private message.,Cust,Neutral
2038164256961540293,https://x.com/EmiratesNBD_AE/status/2038164256961540293,https://x.com/EmiratesNBD_AE,EmiratesNBD_AE,Emirates NBD,https://pbs.twimg.com/profile_images/1762427651271110656/jOUBidn8_bigger.jpg,,"Get guaranteed vouchers worth of AED750
 
Apply for Emirates NBD noon One Visa Credit Card and receive a guaranteed Majid Al Futtaim voucher worth AED 750.
https://t.co/Rj1kVb2Rck https://t.co/MQajcVjmt6","Avoid public Wi-Fi for banking. Data can be intercepted.

Stay Safe, Stay Vigilant. <a href=""/search?f=tweets&amp;q=%23UnitedAgainstFraud"">#UnitedAgainstFraud</a>

<a href=""https://www.emiratesnbd.com/en/campaigns/united-against-fraud"">emiratesnbd.com/en/campaigns…</a>",False,,,20h,"Mar 29, 2026 · 8:00 AM UTC",2026-03-29T08:00:00Z,,"['https://x.com/search?f=tweets&q=%23UnitedAgainstFraud', 'https://www.emiratesnbd.com/en/campaigns/united-against-fraud']",2.0,1.0,6.0,885.0,ENBD,"Avoid public Wi-Fi for banking. Data can be intercepted.

Stay Safe, Stay Vigilant. #UnitedAgainstFraud

emiratesnbd.com/en/campaigns…",https://x.com/EmiratesNBD_AE/status/2038164256961540293,"Get guaranteed vouchers worth of AED750
 
Apply for Emirates NBD noon One Visa Credit Card and receive a guaranteed Majid Al Futtaim voucher worth AED 750.
https://t.co/Rj1kVb2Rck https://t.co/MQajcVjmt6","Get guaranteed vouchers worth of AED750
 
Apply for Emirates NBD noon One Visa Credit Card and receive a guaranteed Majid Al Futtaim voucher worth AED 750.
https://t.co/Rj1kVb2Rck https://t.co/MQajcVjmt6","Get guaranteed vouchers worth AED 750. 

Apply for the Emirates NBD noon One Visa Credit Card and receive a guaranteed Majid Al Futtaim voucher worth AED 750.",Bank,Positive
2038155820752339040,https://x.com/EmiratesNBD_KSA/status/2038155820752339040,https://x.com/EmiratesNBD_KSA,EmiratesNBD_KSA,EmiratesNBD KSA,https://pbs.twimg.com/profile_images/1762427762424385536/iUFFKIOK_bigger.jpg,,"جمّع أميالك، من مشترياتك المحلية والدولية ✈️
مع بطاقة رحالة الائتمانية من #بنك_الإمارات_دبي_الوطني 💙

للتفاصيل:https://t.co/Lj22BZ7E5k https://t.co/VwLKvAqAZ5","جمّع أميالك، من مشترياتك المحلية والدولية ✈️
مع بطاقة رحالة الائتمانية من <a href=""/search?f=tweets&amp;q=%23بنك_الإمارات_دبي_الوطني"">#بنك_الإمارات_دبي_الوطني</a> 💙

للتفاصيل:<a href=""http://ms.spr.ly/6011QaU0Z"">ms.spr.ly/6011QaU0Z</a>",False,,,20h,"Mar 29, 2026 · 7:26 AM UTC",2026-03-29T07:26:00Z,,"['https://x.com/search?f=tweets&q=%23بنك_الإمارات_دبي_الوطني', 'http://ms.spr.ly/6011QaU0Z']",1.0,0.0,1.0,659.0,ENBD,"جمّع أميالك، من مشترياتك المحلية والدولية ✈️
مع بطاقة رحالة الائتمانية من #بنك_الإمارات_دبي_الوطني 💙

للتفاصيل:ms.spr.ly/6011QaU0Z",https://x.com/EmiratesNBD_KSA/status/2038155820752339040,"جمّع أميالك، من مشترياتك المحلية والدولية ✈️
مع بطاقة رحالة الائتمانية من #بنك_الإمارات_دبي_الوطني 💙

للتفاصيل:https://t.co/Lj22BZ7E5k https://t.co/VwLKvAqAZ5","جمّع أميالك، من مشترياتك المحلية والدولية ✈️
مع بطاقة رحالة الائتمانية من #بنك_الإمارات_دبي_الوطني 💙

للتفاصيل:https://t.co/Lj22BZ7E5k https://t.co/VwLKvAqAZ5",Gather your miles from your local and international purchases ✈️ with the Traveler credit card from #Emirates_NBD 💙 For details: https://t.co/Lj22BZ7E5k https://t.co/VwLKvAqAZ5,Bank,Positive
2038135700566970803,https://x.com/EmiratesNBD_AE/status/2038135700566970803,https://x.com/EmiratesNBD_AE,EmiratesNBD_AE,Emirates NBD,https://pbs.twimg.com/profile_images/1762427651271110656/jOUBidn8_bigger.jpg,,"@EmiratesNBD_AE Hi I have a credit card of Emirates NBD, but I haven’t used it for many years, suddenly I received the email of statement that I need to pay 764.13AED as the total payment due, this is really unacceptable.","We are so sorry to hear you had an unpleasant experience, please share with us your concern from your registered email address for further communication to social@emiratesnbd.com and tag the case reference number #990024 in the subject line.",False,,['Rita09729643'],21h,"Mar 29, 2026 · 6:06 AM UTC",2026-03-29T06:06:00Z,,,0.0,0.0,0.0,17.0,ENBD,"We are so sorry to hear you had an unpleasant experience, please share with us your concern from your registered email address for further communication to social@emiratesnbd.com and tag the case reference number #990024 in the subject line.",https://x.com/EmiratesNBD_AE/status/2038135700566970803,"@EmiratesNBD_AE Hi I have a credit card of Emirates NBD, but I haven’t used it for many years, suddenly I received the email of statement that I need to pay 764.13AED as the total payment due, this is really unacceptable.","@EmiratesNBD_AE Hi I have a credit card of Emirates NBD, but I haven’t used it for many years, suddenly I received the email of statement that I need to pay 764.13AED as the total payment due, this is really unacceptable.","Hi Emirates NBD, I have a credit card with Emirates NBD, but I haven't used it for many years. Suddenly, I received an email stating that I need to pay 764.13 AED as the total payment due. This is really unacceptable.",Bank,Negative
