id,permalink,userUrl,author_name,fullname,avatar,verified,text,html,isRetweet,retweetedBy,replyingTo,relativeTime,displayTime,createdAt,images,links,comments,retweets,likes,Views,bank_ext,text_1,postUrl,replyText,text_v1,post,posttype,Sentiment,uae_time,ddmmyyyy
2037730056920088898,https://x.com/wil3020/status/2037730056920088898,https://x.com/wil3020,wil3020,wiil,https://pbs.twimg.com/profile_images/1939900695018106882/lxZGZx9Y_bigger.jpg,,"Stay safe and bank with ease with ENBD X and businessONLINE 

Visit https://t.co/0Z1tddYvqD https://t.co/l7XrKjfHOu",The UAE is no longer safe Continuous and comprehensive bombing of the UAE now,False,,['EmiratesNBD_AE'],48m,"Mar 28, 2026 · 3:14 AM UTC",2026-03-28 03:14:00+00:00,,,0,0,0,23,ENBD,The UAE is no longer safe Continuous and comprehensive bombing of the UAE now,https://x.com/wil3020/status/2037730056920088898,"Stay safe and bank with ease with ENBD X and businessONLINE 

Visit https://t.co/0Z1tddYvqD https://t.co/l7XrKjfHOu","Stay safe and bank with ease with ENBD X and businessONLINE 

Visit https://t.co/0Z1tddYvqD https://t.co/l7XrKjfHOu",Stay safe and bank with ease with ENBD X and businessONLINE.,Cust,Positive,2026-03-28 07:14:00+04:00,28-03-2026
2037656647238311969,https://x.com/Fr638/status/2037656647238311969,https://x.com/Fr638,Fr638,Faris _m,https://pbs.twimg.com/profile_images/1054834903785844737/syBa6NJV_bigger.jpg,,"حلّ فزورة رمضان واربح 10,000 درهم.

من توزيع الوجبات، إلى دعم العاملين وقضاء الوقت مع كبار المواطنين، يجمع برنامج واحد كل ذلك تحت مظلًة واحدة.

ما اسم هذا البرنامج؟

للمشاركة:
1.تابع حساب بنك الإمارات دبي الوطني
2.قم بالإشارة إلى 3 من أصدقائك
3.اكتب إجابتك في التعليقات أدناه https://t.co/aADoQF5a2E","Exchanger Volunteering Program

<a href=""/Om__saad_"" title=""om_saad"">@Om__saad_</a> 

<a href=""/um_fayzza"" title=""um_fayzza"">@um_fayzza</a> 

<a href=""/um_maazz"" title=""um_maaz"">@um_maazz</a>",False,,"['EmiratesNBD_AE', 'intisar_ma']",5h,"Mar 27, 2026 · 10:22 PM UTC",2026-03-27 22:22:00+00:00,,"['https://x.com/Om__saad_', 'https://x.com/um_fayzza', 'https://x.com/um_maazz']",0,0,0,4,ENBD,"Exchanger Volunteering Program

@Om__saad_ 

@um_fayzza 

@um_maazz",https://x.com/Fr638/status/2037656647238311969,"حلّ فزورة رمضان واربح 10,000 درهم.

من توزيع الوجبات، إلى دعم العاملين وقضاء الوقت مع كبار المواطنين، يجمع برنامج واحد كل ذلك تحت مظلًة واحدة.

ما اسم هذا البرنامج؟

للمشاركة:
1.تابع حساب بنك الإمارات دبي الوطني
2.قم بالإشارة إلى 3 من أصدقائك
3.اكتب إجابتك في التعليقات أدناه https://t.co/aADoQF5a2E","حلّ فزورة رمضان واربح 10,000 درهم.

من توزيع الوجبات، إلى دعم العاملين وقضاء الوقت مع كبار المواطنين، يجمع برنامج واحد كل ذلك تحت مظلًة واحدة.

ما اسم هذا البرنامج؟

للمشاركة:
1.تابع حساب بنك الإمارات دبي الوطني
2.قم بالإشارة إلى 3 من أصدقائك
3.اكتب إجابتك في التعليقات أدناه https://t.co/aADoQF5a2E","Solve the Ramadan riddle and win 10,000 dirhams.

From meal distribution to supporting workers and spending time with senior citizens, one program brings all of that under one umbrella.

What is the name of this program?

To participate:
1. Follow the Emirates NBD account
2. Tag 3 of your friends
3. Write your answer in the comments below.",Cust,Neutral,2026-03-28 02:22:00+04:00,28-03-2026
2037590379881472140,https://x.com/EmiratesNBD_KSA/status/2037590379881472140,https://x.com/EmiratesNBD_KSA,EmiratesNBD_KSA,EmiratesNBD KSA,https://pbs.twimg.com/profile_images/1762427762424385536/iUFFKIOK_bigger.jpg,,"@EmiratesNBD_KSA السلام عليكم
هل شحن المحافظ الالكترونية عليه رسوم ؟ 
مثل محفظة STCBANK ؟",عليكم السلام ورحمه الله وبركاته مرحبا طلال شكرا لتواصلك معنا يرجي العلم ان شحن المحافظ الإلكترونيه لا تطبق عليه رسوم في الوقت الحالي,False,,['Talal_Hus'],10h,"Mar 27, 2026 · 5:59 PM UTC",2026-03-27 17:59:00+00:00,,,0,0,0,16,ENBD,عليكم السلام ورحمه الله وبركاته مرحبا طلال شكرا لتواصلك معنا يرجي العلم ان شحن المحافظ الإلكترونيه لا تطبق عليه رسوم في الوقت الحالي,https://x.com/EmiratesNBD_KSA/status/2037590379881472140,"@EmiratesNBD_KSA السلام عليكم
هل شحن المحافظ الالكترونية عليه رسوم ؟ 
مثل محفظة STCBANK ؟","@EmiratesNBD_KSA السلام عليكم
هل شحن المحافظ الالكترونية عليه رسوم ؟ 
مثل محفظة STCBANK ؟","Hello @EmiratesNBD_KSA, is there a fee for charging electronic wallets? Like the STCBANK wallet?",Bank,Neutral,2026-03-27 21:59:00+04:00,27-03-2026
2037585240823058713,https://x.com/Talal_Hus/status/2037585240823058713,https://x.com/Talal_Hus,Talal_Hus,T.A,https://pbs.twimg.com/profile_images/1499888329797652480/UU2JVEEj_bigger.jpg,,وكيف اقدر استفيد من الخصم بسعر الكاش سواء من جرير او غيره حسب العروض اللي عندكم ؟,"<a href=""/EmiratesNBD_KSA"" title=""EmiratesNBD KSA"">@EmiratesNBD_KSA</a> السلام عليكم
هل شحن المحافظ الالكترونية عليه رسوم ؟ 
مثل محفظة STCBANK ؟",False,,,10h,"Mar 27, 2026 · 5:39 PM UTC",2026-03-27 17:39:00+00:00,,['https://x.com/EmiratesNBD_KSA'],2,0,0,24,ENBD,"@EmiratesNBD_KSA السلام عليكم
هل شحن المحافظ الالكترونية عليه رسوم ؟ 
مثل محفظة STCBANK ؟",https://x.com/Talal_Hus/status/2037585240823058713,وكيف اقدر استفيد من الخصم بسعر الكاش سواء من جرير او غيره حسب العروض اللي عندكم ؟,وكيف اقدر استفيد من الخصم بسعر الكاش سواء من جرير او غيره حسب العروض اللي عندكم ؟,"How can I benefit from the cash discount, whether from Jarir or others, based on the offers you have?",Cust,Neutral,2026-03-27 21:39:00+04:00,27-03-2026
2037566177971667423,https://x.com/GCCBusinessNews/status/2037566177971667423,https://x.com/GCCBusinessNews,GCCBusinessNews,GCC Business News,https://pbs.twimg.com/profile_images/1253796411872862212/h2Q8-9rJ_bigger.jpg,,"ADNOC and OMV reveal the executive leadership team and Supervisory Board of the global polyolefins leader, Borouge Group International AG.
https://t.co/b2EHo7k3cg

#BorougeGroup #ADNOC #OMV #Polyolefins #LeadershipTeam #GlobalExpansion #GCCBusinessNews @ADNOCGroup @omv @Borouge https://t.co/pYHZ1Gmopv","UAE-based brokerage firm International Securities has gone live on Emirates NBD Pay, utilizing Visa’s Account Funding Transaction (AFT) model.
<a href=""https://www.gccbusinessnews.com/international-securities-emirates-nbd-pay/"">gccbusinessnews.com/internat…</a>

<a href=""/search?f=tweets&amp;q=%23EmiratesNBD"">#EmiratesNBD</a> <a href=""/search?f=tweets&amp;q=%23InternationalSecurities"">#InternationalSecurities</a> <a href=""/search?f=tweets&amp;q=%23EmiratesNBDPay"">#EmiratesNBDPay</a>  <a href=""/search?f=tweets&amp;q=%23GCCBusinessNews"">#GCCBusinessNews</a> <a href=""/EmiratesNBD_AE"" title=""Emirates NBD"">@EmiratesNBD_AE</a>  <a href=""/IntlSecurities"" title=""International Securities"">@IntlSecurities</a>",False,,,11h,"Mar 27, 2026 · 4:23 PM UTC",2026-03-27 16:23:00+00:00,,"['https://www.gccbusinessnews.com/international-securities-emirates-nbd-pay/', 'https://x.com/search?f=tweets&q=%23EmiratesNBD', 'https://x.com/search?f=tweets&q=%23InternationalSecurities', 'https://x.com/search?f=tweets&q=%23EmiratesNBDPay', 'https://x.com/search?f=tweets&q=%23GCCBusinessNews', 'https://x.com/EmiratesNBD_AE', 'https://x.com/IntlSecurities']",0,0,0,20,ENBD,"UAE-based brokerage firm International Securities has gone live on Emirates NBD Pay, utilizing Visa’s Account Funding Transaction (AFT) model.
gccbusinessnews.com/internat…

#EmiratesNBD #InternationalSecurities #EmiratesNBDPay  #GCCBusinessNews @EmiratesNBD_AE  @IntlSecurities",https://x.com/GCCBusinessNews/status/2037566177971667423,"ADNOC and OMV reveal the executive leadership team and Supervisory Board of the global polyolefins leader, Borouge Group International AG.
https://t.co/b2EHo7k3cg

#BorougeGroup #ADNOC #OMV #Polyolefins #LeadershipTeam #GlobalExpansion #GCCBusinessNews @ADNOCGroup @omv @Borouge https://t.co/pYHZ1Gmopv","ADNOC and OMV reveal the executive leadership team and Supervisory Board of the global polyolefins leader, Borouge Group International AG.
https://t.co/b2EHo7k3cg

#BorougeGroup #ADNOC #OMV #Polyolefins #LeadershipTeam #GlobalExpansion #GCCBusinessNews @ADNOCGroup @omv @Borouge https://t.co/pYHZ1Gmopv","ADNOC and OMV reveal the executive leadership team and Supervisory Board of the global polyolefins leader, Borouge Group International AG.",Cust,Neutral,2026-03-27 20:23:00+04:00,27-03-2026
2037562773547192591,https://x.com/deegrose/status/2037562773547192591,https://x.com/deegrose,deegrose,DeeG (Maria),https://pbs.twimg.com/profile_images/1997531422886703104/CcsIqiYF_bigger.jpg,,Mideast Stocks: UAE equities reverse early gains on Iran ceasefire uncertainty https://t.co/G4KLYRegJ4,"Mideast Stocks: UAE equities reverse early gains on Iran ceasefire uncertainty <a href=""https://www.zawya.com/en/capital-markets/equities/mideast-stocks-uae-equities-reverse-early-gains-on-iran-ceasefire-uncertainty-fi25unoc"">zawya.com/en/capital-markets…</a>",False,,,11h,"Mar 27, 2026 · 4:09 PM UTC",2026-03-27 16:09:00+00:00,,['https://www.zawya.com/en/capital-markets/equities/mideast-stocks-uae-equities-reverse-early-gains-on-iran-ceasefire-uncertainty-fi25unoc'],0,0,0,22,ENBD,Mideast Stocks: UAE equities reverse early gains on Iran ceasefire uncertainty zawya.com/en/capital-markets…,https://x.com/deegrose/status/2037562773547192591,Mideast Stocks: UAE equities reverse early gains on Iran ceasefire uncertainty https://t.co/G4KLYRegJ4,Mideast Stocks: UAE equities reverse early gains on Iran ceasefire uncertainty https://t.co/G4KLYRegJ4,Middle East Stocks: UAE equities reverse early gains on Iran ceasefire uncertainty,Cust,Neutral,2026-03-27 20:09:00+04:00,27-03-2026
2037555134797053998,https://x.com/s3yrah/status/2037555134797053998,https://x.com/s3yrah,s3yrah,Sarrah Sumagang,https://pbs.twimg.com/profile_images/2012507741789577216/3SXJciWZ_bigger.jpg,,"It’s all about not putting all your eggs in one basket.
Guess this investment type and comment your answer below.
#ENBDRiddleOfTheWeek #FinancialWellbeing #InvestSmart #MoneyBasics

الأمر كله يتعلق بعدم وضع كل البيض في سلة واحدة.
هل يمكنك تخمين نوع الاستثمار؟ اكتب إجابتك في التعليقات أدناه.
#لغز_الأسبوع_ENBD #العافية_المالية #استثمر_بذكاء #أساسيات_المال",Mutual Fund,False,,['EmiratesNBD_AE'],12h,"Mar 27, 2026 · 3:39 PM UTC",2026-03-27 15:39:00+00:00,,,0,0,0,3,ENBD,Mutual Fund,https://x.com/s3yrah/status/2037555134797053998,"It’s all about not putting all your eggs in one basket.
Guess this investment type and comment your answer below.
#ENBDRiddleOfTheWeek #FinancialWellbeing #InvestSmart #MoneyBasics

الأمر كله يتعلق بعدم وضع كل البيض في سلة واحدة.
هل يمكنك تخمين نوع الاستثمار؟ اكتب إجابتك في التعليقات أدناه.
#لغز_الأسبوع_ENBD #العافية_المالية #استثمر_بذكاء #أساسيات_المال","It’s all about not putting all your eggs in one basket.
Guess this investment type and comment your answer below.
#ENBDRiddleOfTheWeek #FinancialWellbeing #InvestSmart #MoneyBasics

الأمر كله يتعلق بعدم وضع كل البيض في سلة واحدة.
هل يمكنك تخمين نوع الاستثمار؟ اكتب إجابتك في التعليقات أدناه.
#لغز_الأسبوع_ENBD #العافية_المالية #استثمر_بذكاء #أساسيات_المال",It's all about not putting all your eggs in one basket. Can you guess the type of investment? Write your answer in the comments below.,Cust,Neutral,2026-03-27 19:39:00+04:00,27-03-2026
2037550756996530335,https://x.com/entrypointuae/status/2037550756996530335,https://x.com/entrypointuae,entrypointuae,نقطة دخول,https://pbs.twimg.com/profile_images/1908211270639067136/cQ01rfQa_bigger.jpg,,أفضل بنك في الإمارات @EmiratesNBD_AE,اتفق معاك .. أفضل بنك هو الامارات الوطني و أنل أحد عملائه .. و دائما أقول لمن حولي هو الأفضل .. خدماته مميزة عن البقية و تطبيقهم مختلف عن غيره .. يفوز أفضل بنك ..,False,,"['abd11ulla', 'EmiratesNBD_AE']",12h,"Mar 27, 2026 · 3:22 PM UTC",2026-03-27 15:22:00+00:00,,,0,0,0,40,ENBD,اتفق معاك .. أفضل بنك هو الامارات الوطني و أنل أحد عملائه .. و دائما أقول لمن حولي هو الأفضل .. خدماته مميزة عن البقية و تطبيقهم مختلف عن غيره .. يفوز أفضل بنك ..,https://x.com/entrypointuae/status/2037550756996530335,أفضل بنك في الإمارات @EmiratesNBD_AE,أفضل بنك في الإمارات @EmiratesNBD_AE,The best bank in the UAE @EmiratesNBD_AE,Cust,Positive,2026-03-27 19:22:00+04:00,27-03-2026
2037520386204500435,https://x.com/EmiratesNBD_AE/status/2037520386204500435,https://x.com/EmiratesNBD_AE,EmiratesNBD_AE,Emirates NBD,https://pbs.twimg.com/profile_images/1762427651271110656/jOUBidn8_bigger.jpg,,"@EmiratesNBD_AE Frustrated with @EmiratesNBD_AE 😡
I’ve been facing a “trusted device” issue on the app for 3 months, blocking all my online transactions.

After a lot of calls, multiple complaints & requests — still no resolution.

This is unacceptable for a bank of this scale. Urgently need support to fix this ASAP.",Our team will review your email and update you accordingly,False,,['HashemTakriti'],14h,"Mar 27, 2026 · 1:21 PM UTC",2026-03-27 13:21:00+00:00,,,0,0,0,7,ENBD,Our team will review your email and update you accordingly,https://x.com/EmiratesNBD_AE/status/2037520386204500435,"@EmiratesNBD_AE Frustrated with @EmiratesNBD_AE 😡
I’ve been facing a “trusted device” issue on the app for 3 months, blocking all my online transactions.

After a lot of calls, multiple complaints & requests — still no resolution.

This is unacceptable for a bank of this scale. Urgently need support to fix this ASAP.","@EmiratesNBD_AE Frustrated with @EmiratesNBD_AE 😡
I’ve been facing a “trusted device” issue on the app for 3 months, blocking all my online transactions.

After a lot of calls, multiple complaints & requests — still no resolution.

This is unacceptable for a bank of this scale. Urgently need support to fix this ASAP.","Frustrated with Emirates NBD. I’ve been facing a “trusted device” issue on the app for 3 months, blocking all my online transactions. After a lot of calls, multiple complaints and requests — still no resolution. This is unacceptable for a bank of this scale. I urgently need support to fix this as soon as possible.",Bank,Negative,2026-03-27 17:21:00+04:00,27-03-2026
2037514481215938764,https://x.com/HashemTakriti/status/2037514481215938764,https://x.com/HashemTakriti,HashemTakriti,Hashem Takriti,https://pbs.twimg.com/profile_images/1081667250761990144/23AHZt15_bigger.jpg,,"I'm in just back and forth emails with no solutions, I really appreciate your support to close this case. this is really frustrated me","I&#39;m in just back and forth emails with no solutions, I really appreciate your support to close this case. this is really frustrated me",False,,['EmiratesNBD_AE'],15h,"Mar 27, 2026 · 12:58 PM UTC",2026-03-27 12:58:00+00:00,,,1,0,0,4,ENBD,"I'm in just back and forth emails with no solutions, I really appreciate your support to close this case. this is really frustrated me",,,"I'm in just back and forth emails with no solutions, I really appreciate your support to close this case. this is really frustrated me",I'm just going back and forth in emails with no solutions. I really appreciate your support in closing this case. This is really frustrating me.,Cust,Negative,2026-03-27 16:58:00+04:00,27-03-2026
2037513644066455978,https://x.com/EmiratesNBD_AE/status/2037513644066455978,https://x.com/EmiratesNBD_AE,EmiratesNBD_AE,Emirates NBD,https://pbs.twimg.com/profile_images/1762427651271110656/jOUBidn8_bigger.jpg,,"Thanks for writing to us, kindly note that our team have replied to your email","Thanks for writing to us, kindly note that our team have replied to your email",False,,['HashemTakriti'],15h,"Mar 27, 2026 · 12:54 PM UTC",2026-03-27 12:54:00+00:00,,,1,0,0,7,ENBD,"Thanks for writing to us, kindly note that our team have replied to your email",,,"Thanks for writing to us, kindly note that our team have replied to your email",Thank you for writing to us. Please note that our team has replied to your email.,Bank,Neutral,2026-03-27 16:54:00+04:00,27-03-2026
2037511645971583026,https://x.com/HomszRami/status/2037511645971583026,https://x.com/HomszRami,HomszRami,Rami Almsri,https://pbs.twimg.com/profile_images/1350012724135276544/b1uy5xLK_bigger.jpg,,"@EmiratesNBD_AE Mutual fund/ Investment Fund
#ENBDRiddleOfTheWeek 
#financialwellbeing","Mutual fund/ Investment Fund
<a href=""/search?f=tweets&amp;q=%23ENBDRiddleOfTheWeek"">#ENBDRiddleOfTheWeek</a> 
<a href=""/search?f=tweets&amp;q=%23financialwellbeing"">#financialwellbeing</a>",False,,['EmiratesNBD_AE'],15h,"Mar 27, 2026 · 12:46 PM UTC",2026-03-27 12:46:00+00:00,,"['https://x.com/search?f=tweets&q=%23ENBDRiddleOfTheWeek', 'https://x.com/search?f=tweets&q=%23financialwellbeing']",0,0,1,6,ENBD,"Mutual fund/ Investment Fund
#ENBDRiddleOfTheWeek 
#financialwellbeing",https://x.com/HomszRami/status/2037511645971583026,"@EmiratesNBD_AE Mutual fund/ Investment Fund
#ENBDRiddleOfTheWeek 
#financialwellbeing","@EmiratesNBD_AE Mutual fund/ Investment Fund
#ENBDRiddleOfTheWeek 
#financialwellbeing",Mutual fund/ Investment Fund,Cust,Neutral,2026-03-27 16:46:00+04:00,27-03-2026
2037507103892341213,https://x.com/EmiratesNBD_AE/status/2037507103892341213,https://x.com/EmiratesNBD_AE,EmiratesNBD_AE,Emirates NBD,https://pbs.twimg.com/profile_images/1762427651271110656/jOUBidn8_bigger.jpg,,@Ibn_3ali مرحبا أحمد شكرا لتواصلك معنا كيف يمكننا مساعدتك,"من عنوان بريده الإلكتروني المسجل، مع كتابة &#34;طلب إغلاق الحساب&#34; في خانة
 الموضوع.
يجب ذكر تفاصيل الحساب الذي ترغب في إغلاقه وسبب الإغلاق، وإرفاق ما يلي:
نموذج إغلاق الحساب موقعًا يمكنك تحميله من خلال الصفحه الرسميه للبنك
نسخة مصدقة من جواز السفر.
في حال عدم وجود أي مخالفات، سيتم إغلاق طلب إغلاق الحساب عبر البريد الإلكتروني خلال 7 أيام عمل",False,,['Ibn_3ali'],15h,"Mar 27, 2026 · 12:28 PM UTC",2026-03-27 12:28:00+00:00,,,0,0,0,26,ENBD,"من عنوان بريده الإلكتروني المسجل، مع كتابة ""طلب إغلاق الحساب"" في خانة
 الموضوع.
يجب ذكر تفاصيل الحساب الذي ترغب في إغلاقه وسبب الإغلاق، وإرفاق ما يلي:
نموذج إغلاق الحساب موقعًا يمكنك تحميله من خلال الصفحه الرسميه للبنك
نسخة مصدقة من جواز السفر.
في حال عدم وجود أي مخالفات، سيتم إغلاق طلب إغلاق الحساب عبر البريد الإلكتروني خلال 7 أيام عمل",https://x.com/EmiratesNBD_AE/status/2037507103892341213,@Ibn_3ali مرحبا أحمد شكرا لتواصلك معنا كيف يمكننا مساعدتك,@Ibn_3ali مرحبا أحمد شكرا لتواصلك معنا كيف يمكننا مساعدتك,"Hello Ahmad, thank you for contacting us. How can we assist you?",Bank,Neutral,2026-03-27 16:28:00+04:00,27-03-2026
2037507063501275362,https://x.com/EmiratesNBD_AE/status/2037507063501275362,https://x.com/EmiratesNBD_AE,EmiratesNBD_AE,Emirates NBD,https://pbs.twimg.com/profile_images/1762427651271110656/jOUBidn8_bigger.jpg,,"@Ibn_3ali الرجاء القيام بما يلي قبل إغلاق الحساب: 
سحب جميع الأموال من الحساب
إلغاء جميع تعليمات الخصم التلقائي/المباشر.
بعد استيفاء الشروط المذكورة أعلاه، يرجى إرسال بريد إلكتروني إلى

 requests@emiratesnbd.com","الرجاء القيام بما يلي قبل إغلاق الحساب: 
سحب جميع الأموال من الحساب
إلغاء جميع تعليمات الخصم التلقائي/المباشر.
بعد استيفاء الشروط المذكورة أعلاه، يرجى إرسال بريد إلكتروني إلى

 requests@emiratesnbd.com",False,,['Ibn_3ali'],15h,"Mar 27, 2026 · 12:28 PM UTC",2026-03-27 12:28:00+00:00,,,0,0,0,10,ENBD,"الرجاء القيام بما يلي قبل إغلاق الحساب: 
سحب جميع الأموال من الحساب
إلغاء جميع تعليمات الخصم التلقائي/المباشر.
بعد استيفاء الشروط المذكورة أعلاه، يرجى إرسال بريد إلكتروني إلى

 requests@emiratesnbd.com",https://x.com/EmiratesNBD_AE/status/2037507063501275362,"@Ibn_3ali الرجاء القيام بما يلي قبل إغلاق الحساب: 
سحب جميع الأموال من الحساب
إلغاء جميع تعليمات الخصم التلقائي/المباشر.
بعد استيفاء الشروط المذكورة أعلاه، يرجى إرسال بريد إلكتروني إلى

 requests@emiratesnbd.com","@Ibn_3ali الرجاء القيام بما يلي قبل إغلاق الحساب: 
سحب جميع الأموال من الحساب
إلغاء جميع تعليمات الخصم التلقائي/المباشر.
بعد استيفاء الشروط المذكورة أعلاه، يرجى إرسال بريد إلكتروني إلى

 requests@emiratesnbd.com","Please do the following before closing the account: 
Withdraw all funds from the account 
Cancel all direct debit instructions. 
After fulfilling the above conditions, please send an email to requests@emiratesnbd.com.",Bank,Neutral,2026-03-27 16:28:00+04:00,27-03-2026
2037506557190021420,https://x.com/HashemTakriti/status/2037506557190021420,https://x.com/HashemTakriti,HashemTakriti,Hashem Takriti,https://pbs.twimg.com/profile_images/1081667250761990144/23AHZt15_bigger.jpg,,"@EmiratesNBD_AE  I’m still waiting to fix my issue, nothing happened since last week.","<a href=""/EmiratesNBD_AE"" title=""Emirates NBD"">@EmiratesNBD_AE</a>  I’m still waiting to fix my issue, nothing happened since last week.",False,,['EmiratesNBD_AE'],15h,"Mar 27, 2026 · 12:26 PM UTC",2026-03-27 12:26:00+00:00,,['https://x.com/EmiratesNBD_AE'],1,0,0,3,ENBD,"@EmiratesNBD_AE  I’m still waiting to fix my issue, nothing happened since last week.",,,"@EmiratesNBD_AE  I’m still waiting to fix my issue, nothing happened since last week.","I’m still waiting to fix my issue, nothing has happened since last week.",Cust,Negative,2026-03-27 16:26:00+04:00,27-03-2026
2037505623932199158,https://x.com/EmiratesNBD_AE/status/2037505623932199158,https://x.com/EmiratesNBD_AE,EmiratesNBD_AE,Emirates NBD,https://pbs.twimg.com/profile_images/1762427651271110656/jOUBidn8_bigger.jpg,,نأسف لسماع ذلك برجاء توضيح سبب إغلاق الحساب حتي نتمكن من مساعدتك بشكل أفضل,نأسف لسماع ذلك برجاء توضيح سبب إغلاق الحساب حتي نتمكن من مساعدتك بشكل أفضل,False,,['Ibn_3ali'],15h,"Mar 27, 2026 · 12:22 PM UTC",2026-03-27 12:22:00+00:00,,,0,0,0,10,ENBD,نأسف لسماع ذلك برجاء توضيح سبب إغلاق الحساب حتي نتمكن من مساعدتك بشكل أفضل,,,نأسف لسماع ذلك برجاء توضيح سبب إغلاق الحساب حتي نتمكن من مساعدتك بشكل أفضل,We are sorry to hear that. Please clarify the reason for the account closure so that we can assist you better.,Bank,Negative,2026-03-27 16:22:00+04:00,27-03-2026
2037505175750054028,https://x.com/HimanshuMotiyan/status/2037505175750054028,https://x.com/HimanshuMotiyan,HimanshuMotiyan,Himanshu Motiyani,https://pbs.twimg.com/profile_images/2032072703134613504/JzErzVWc_bigger.jpg,,"شهر جديد مع المزيد من الفائزين.

تهانينا للفائز بالجائزة الكبرى وهي سيارة ROX 01، وللفائزين أيضًا بجائزة القطعة الذهبية بوزن 10 غرامات وذلك لاشتراكهم في حملة ""حان وقت ربح جوائز كبرى"" المقدمة من الخدمات المصرفية للأعمال لشهر يناير 2026.

تابع استخدام حساب الأعمال الخاص بك لتنفيذ معاملات الصرف بالعملات الأجنبية وعمليات التمويل التجاري، لترفع فرص شركتك في الفوز.
يسري العرض حتى 31 مارس 2026.",I got again same response we will update you and are following up with the team its been more then 2 weeks Iam getting this same response instead of the solution,False,,['EmiratesNBD_AE'],15h,"Mar 27, 2026 · 12:21 PM UTC",2026-03-27 12:21:00+00:00,,,0,0,0,2,ENBD,I got again same response we will update you and are following up with the team its been more then 2 weeks Iam getting this same response instead of the solution,https://x.com/HimanshuMotiyan/status/2037505175750054028,"شهر جديد مع المزيد من الفائزين.

تهانينا للفائز بالجائزة الكبرى وهي سيارة ROX 01، وللفائزين أيضًا بجائزة القطعة الذهبية بوزن 10 غرامات وذلك لاشتراكهم في حملة ""حان وقت ربح جوائز كبرى"" المقدمة من الخدمات المصرفية للأعمال لشهر يناير 2026.

تابع استخدام حساب الأعمال الخاص بك لتنفيذ معاملات الصرف بالعملات الأجنبية وعمليات التمويل التجاري، لترفع فرص شركتك في الفوز.
يسري العرض حتى 31 مارس 2026.","شهر جديد مع المزيد من الفائزين.

تهانينا للفائز بالجائزة الكبرى وهي سيارة ROX 01، وللفائزين أيضًا بجائزة القطعة الذهبية بوزن 10 غرامات وذلك لاشتراكهم في حملة ""حان وقت ربح جوائز كبرى"" المقدمة من الخدمات المصرفية للأعمال لشهر يناير 2026.

تابع استخدام حساب الأعمال الخاص بك لتنفيذ معاملات الصرف بالعملات الأجنبية وعمليات التمويل التجاري، لترفع فرص شركتك في الفوز.
يسري العرض حتى 31 مارس 2026.","A new month with more winners.

Congratulations to the grand prize winner of a ROX 01 car, and to the winners of the 10-gram gold piece for participating in the ""It's Time to Win Grand Prizes"" campaign offered by business banking for January 2026.

Continue using your business account to carry out foreign exchange transactions and trade financing to increase your company's chances of winning. The offer is valid until March 31, 2026.",Cust,Positive,2026-03-27 16:21:00+04:00,27-03-2026
2037502797097361735,https://x.com/Ibn_3ali/status/2037502797097361735,https://x.com/Ibn_3ali,Ibn_3ali,Ahmed Ali,https://pbs.twimg.com/profile_images/1836334761129721856/vSK3evXJ_bigger.jpg,,كنت عايز أقفل حسابي,كنت عايز أقفل حسابي,False,,['EmiratesNBD_AE'],15h,"Mar 27, 2026 · 12:11 PM UTC",2026-03-27 12:11:00+00:00,,,1,0,0,4,ENBD,كنت عايز أقفل حسابي,,,كنت عايز أقفل حسابي,I wanted to close my account.,Cust,Negative,2026-03-27 16:11:00+04:00,27-03-2026
2037502674548015413,https://x.com/EmiratesNBD_AE/status/2037502674548015413,https://x.com/EmiratesNBD_AE,EmiratesNBD_AE,Emirates NBD,https://pbs.twimg.com/profile_images/1762427651271110656/jOUBidn8_bigger.jpg,,مرحبا أحمد شكرا لتواصلك معنا كيف يمكننا مساعدتك,مرحبا أحمد شكرا لتواصلك معنا كيف يمكننا مساعدتك,False,,['Ibn_3ali'],15h,"Mar 27, 2026 · 12:11 PM UTC",2026-03-27 12:11:00+00:00,,,1,0,0,17,ENBD,مرحبا أحمد شكرا لتواصلك معنا كيف يمكننا مساعدتك,,,مرحبا أحمد شكرا لتواصلك معنا كيف يمكننا مساعدتك,"Hello Ahmed, thank you for contacting us. How can we assist you?",Bank,Neutral,2026-03-27 16:11:00+04:00,27-03-2026
2037495447351087452,https://x.com/EmiratesNBD_AE/status/2037495447351087452,https://x.com/EmiratesNBD_AE,EmiratesNBD_AE,Emirates NBD,https://pbs.twimg.com/profile_images/1762427651271110656/jOUBidn8_bigger.jpg,,"We sincerely regret for the inconvenience, please note that we have replied to your email","We sincerely regret for the inconvenience, please note that we have replied to your email",False,,['HimanshuMotiyan'],16h,"Mar 27, 2026 · 11:42 AM UTC",2026-03-27 11:42:00+00:00,,,1,0,0,11,ENBD,"We sincerely regret for the inconvenience, please note that we have replied to your email",,,"We sincerely regret for the inconvenience, please note that we have replied to your email",We sincerely regret the inconvenience; please note that we have replied to your email.,Bank,Negative,2026-03-27 15:42:00+04:00,27-03-2026
2037491991504998834,https://x.com/HimanshuMotiyan/status/2037491991504998834,https://x.com/HimanshuMotiyan,HimanshuMotiyan,Himanshu Motiyani,https://pbs.twimg.com/profile_images/2032072703134613504/JzErzVWc_bigger.jpg,,Hello still the solution has not been provided by your team its more then a month @EmiratesNBD_AE,"Hello still the solution has not been provided by your team its more then a month <a href=""/EmiratesNBD_AE"" title=""Emirates NBD"">@EmiratesNBD_AE</a>",False,,['EmiratesNBD_AE'],16h,"Mar 27, 2026 · 11:28 AM UTC",2026-03-27 11:28:00+00:00,,['https://x.com/EmiratesNBD_AE'],1,0,0,7,ENBD,Hello still the solution has not been provided by your team its more then a month @EmiratesNBD_AE,,,Hello still the solution has not been provided by your team its more then a month @EmiratesNBD_AE,"Hello, the solution has still not been provided by your team; it's been more than a month.",Cust,Negative,2026-03-27 15:28:00+04:00,27-03-2026
2037488851749409129,https://x.com/Ldyheart/status/2037488851749409129,https://x.com/Ldyheart,Ldyheart,RV Global Reset,https://pbs.twimg.com/profile_images/2016603167585087489/50LxYE_N_bigger.jpg,,"Emirates NBD enables instant trading account top-ups for UAE investors
New system lets UAE investors fund trading accounts in near real time https://t.co/cFjr79kcqn","Emirates NBD enables instant trading account top-ups for UAE investors
New system lets UAE investors fund trading accounts in near real time <a href=""https://gulfnews.com/business/banking/emirates-nbd-enables-instant-trading-account-top-ups-for-uae-investors-1.500487960"">gulfnews.com/business/bankin…</a>",False,,,16h,"Mar 27, 2026 · 11:16 AM UTC",2026-03-27 11:16:00+00:00,,['https://gulfnews.com/business/banking/emirates-nbd-enables-instant-trading-account-top-ups-for-uae-investors-1.500487960'],0,0,0,12,ENBD,"Emirates NBD enables instant trading account top-ups for UAE investors
New system lets UAE investors fund trading accounts in near real time gulfnews.com/business/bankin…",https://x.com/Ldyheart/status/2037488851749409129,"Emirates NBD enables instant trading account top-ups for UAE investors
New system lets UAE investors fund trading accounts in near real time https://t.co/cFjr79kcqn","Emirates NBD enables instant trading account top-ups for UAE investors
New system lets UAE investors fund trading accounts in near real time https://t.co/cFjr79kcqn",Emirates NBD enables instant trading account top-ups for UAE investors. The new system allows UAE investors to fund trading accounts in near real time.,Cust,Positive,2026-03-27 15:16:00+04:00,27-03-2026
2037487764074008675,https://x.com/EmiratesNBD_KSA/status/2037487764074008675,https://x.com/EmiratesNBD_KSA,EmiratesNBD_KSA,EmiratesNBD KSA,https://pbs.twimg.com/profile_images/1762427762424385536/iUFFKIOK_bigger.jpg,,@EmiratesNBD_KSA كيف طريقة استخراج بطاقة مزيد الائتمانيه ؟,"مرحباً بك, يمكنك الأن معرفة المزيد والتقديم من خلال الضغط على الرابط ادناه.

<a href=""http://ms.spr.ly/6012QvVio"">ms.spr.ly/6012QvVio</a>",False,,['abumusab999'],16h,"Mar 27, 2026 · 11:11 AM UTC",2026-03-27 11:11:00+00:00,,['http://ms.spr.ly/6012QvVio'],0,0,0,10,ENBD,"مرحباً بك, يمكنك الأن معرفة المزيد والتقديم من خلال الضغط على الرابط ادناه.

ms.spr.ly/6012QvVio",https://x.com/EmiratesNBD_KSA/status/2037487764074008675,@EmiratesNBD_KSA كيف طريقة استخراج بطاقة مزيد الائتمانيه ؟,@EmiratesNBD_KSA كيف طريقة استخراج بطاقة مزيد الائتمانيه ؟,How can I obtain a Mazid credit card?,Bank,Neutral,2026-03-27 15:11:00+04:00,27-03-2026
2037486509704761575,https://x.com/DubaiTradersHub/status/2037486509704761575,https://x.com/DubaiTradersHub,DubaiTradersHub,Dubai Traders Hub,https://pbs.twimg.com/profile_images/1961482791326986240/P5yGeqC3_bigger.jpg,,UAE Market: The Golden Opportunity After War Dislocation -  https://t.co/zEkCcFPlpV,"UAE Market: The Golden Opportunity After War Dislocation -  <a href=""https://www.tradingview.com/chart/EMIRATESNBD/yUTmOrSv-UAE-Market-The-Golden-Opportunity-After-War-Dislocation/"">tradingview.com/chart/EMIRAT…</a>",False,,,16h,"Mar 27, 2026 · 11:06 AM UTC",2026-03-27 11:06:00+00:00,,['https://www.tradingview.com/chart/EMIRATESNBD/yUTmOrSv-UAE-Market-The-Golden-Opportunity-After-War-Dislocation/'],0,0,1,28,ENBD,UAE Market: The Golden Opportunity After War Dislocation -  tradingview.com/chart/EMIRAT…,https://x.com/DubaiTradersHub/status/2037486509704761575,UAE Market: The Golden Opportunity After War Dislocation -  https://t.co/zEkCcFPlpV,UAE Market: The Golden Opportunity After War Dislocation -  https://t.co/zEkCcFPlpV,UAE Market: The Golden Opportunity After War Dislocation,Cust,Neutral,2026-03-27 15:06:00+04:00,27-03-2026
2037486145496387811,https://x.com/abumusab999/status/2037486145496387811,https://x.com/abumusab999,abumusab999,SMAMRI,https://pbs.twimg.com/profile_images/1264193297305628672/qHnW4I-2_bigger.png,,جديده,جديده,False,,['EmiratesNBD_KSA'],16h,"Mar 27, 2026 · 11:05 AM UTC",2026-03-27 11:05:00+00:00,,,1,0,0,28,ENBD,جديده,,,جديده,new,Cust,Neutral,2026-03-27 15:05:00+04:00,27-03-2026
2037484781038862844,https://x.com/EmiratesNBD_EGY/status/2037484781038862844,https://x.com/EmiratesNBD_EGY,EmiratesNBD_EGY,Emirates NBD,https://pbs.twimg.com/profile_images/1762427526482108416/qjFPlJ1n_bigger.jpg,,"Plan your vacation now!
Get 5% off flights and 10% off hotels with Flyin when you pay with your Emirates NBD credit card using code: FAWRY

Offer valid until 30th of March 2026.

Terms and conditions apply.
Tax registration number: 204-897-319 https://t.co/RR0ArWOU9A","Every time you dine at any restaurant inside TMG, you’ll earn 5%cashback when you pay using your Emirates NBD Mastercard credit card x TMG.
 
Apply now and benefit from a dedicated program for TMG clients.
Together .. it pays off.
 
Terms and conditions apply.
Tax registration number: 204-897-319",False,,,17h,"Mar 27, 2026 · 11:00 AM UTC",2026-03-27 11:00:00+00:00,,,0,0,0,64,ENBD,"Every time you dine at any restaurant inside TMG, you’ll earn 5%cashback when you pay using your Emirates NBD Mastercard credit card x TMG.
 
Apply now and benefit from a dedicated program for TMG clients.
Together .. it pays off.
 
Terms and conditions apply.
Tax registration number: 204-897-319",https://x.com/EmiratesNBD_EGY/status/2037484781038862844,"Plan your vacation now!
Get 5% off flights and 10% off hotels with Flyin when you pay with your Emirates NBD credit card using code: FAWRY

Offer valid until 30th of March 2026.

Terms and conditions apply.
Tax registration number: 204-897-319 https://t.co/RR0ArWOU9A","Plan your vacation now!
Get 5% off flights and 10% off hotels with Flyin when you pay with your Emirates NBD credit card using code: FAWRY

Offer valid until 30th of March 2026.

Terms and conditions apply.
Tax registration number: 204-897-319 https://t.co/RR0ArWOU9A",Plan your vacation now! Get 5% off flights and 10% off hotels with Flyin when you pay with your Emirates NBD credit card using code: FAWRY. Offer valid until 30th of March 2026. Terms and conditions apply. Tax registration number: 204-897-319.,Bank,Positive,2026-03-27 15:00:00+04:00,27-03-2026
2037484780925644991,https://x.com/EmiratesNBD_EGY/status/2037484780925644991,https://x.com/EmiratesNBD_EGY,EmiratesNBD_EGY,Emirates NBD,https://pbs.twimg.com/profile_images/1762427526482108416/qjFPlJ1n_bigger.jpg,,"كل مرة تدفع فيها في أي مطعم داخل مجموعة طلعت مصطفى، هيرجعلك 5% كاش باك لما تدفع ببطاقة بنك الإمارات دبي الوطني ماستركارد الائتمانية بالتعاون مع مجموعة طلعت مصطفى.
 
قدم الان بتسهيلات خاصة لعملاء المجموعة.
مع بعض .. تفرق.

تطبق الشروط والأحكام
رقم التسجيل الضريبي: 319-897-204 https://t.co/ABhnylgeTj","كل مرة تدفع فيها في أي مطعم داخل مجموعة طلعت مصطفى، هيرجعلك 5% كاش باك لما تدفع ببطاقة بنك الإمارات دبي الوطني ماستركارد الائتمانية بالتعاون مع مجموعة طلعت مصطفى.
 
قدم الان بتسهيلات خاصة لعملاء المجموعة.
مع بعض .. تفرق.

تطبق الشروط والأحكام
رقم التسجيل الضريبي: 319-897-204",False,,,17h,"Mar 27, 2026 · 11:00 AM UTC",2026-03-27 11:00:00+00:00,,,0,0,0,84,ENBD,"كل مرة تدفع فيها في أي مطعم داخل مجموعة طلعت مصطفى، هيرجعلك 5% كاش باك لما تدفع ببطاقة بنك الإمارات دبي الوطني ماستركارد الائتمانية بالتعاون مع مجموعة طلعت مصطفى.
 
قدم الان بتسهيلات خاصة لعملاء المجموعة.
مع بعض .. تفرق.

تطبق الشروط والأحكام
رقم التسجيل الضريبي: 319-897-204",https://x.com/EmiratesNBD_EGY/status/2037484780925644991,"كل مرة تدفع فيها في أي مطعم داخل مجموعة طلعت مصطفى، هيرجعلك 5% كاش باك لما تدفع ببطاقة بنك الإمارات دبي الوطني ماستركارد الائتمانية بالتعاون مع مجموعة طلعت مصطفى.
 
قدم الان بتسهيلات خاصة لعملاء المجموعة.
مع بعض .. تفرق.

تطبق الشروط والأحكام
رقم التسجيل الضريبي: 319-897-204 https://t.co/ABhnylgeTj","كل مرة تدفع فيها في أي مطعم داخل مجموعة طلعت مصطفى، هيرجعلك 5% كاش باك لما تدفع ببطاقة بنك الإمارات دبي الوطني ماستركارد الائتمانية بالتعاون مع مجموعة طلعت مصطفى.
 
قدم الان بتسهيلات خاصة لعملاء المجموعة.
مع بعض .. تفرق.

تطبق الشروط والأحكام
رقم التسجيل الضريبي: 319-897-204 https://t.co/ABhnylgeTj","Every time you pay at any restaurant within the Talaat Moustafa Group, you will receive 5% cash back when you pay with the Emirates NBD Mastercard credit card in collaboration with the Talaat Moustafa Group.

Apply now with special facilities for group customers.
Together, we make a difference.

Terms and conditions apply.
Tax registration number: 319-897-204",Bank,Positive,2026-03-27 15:00:00+04:00,27-03-2026
2037484492445848044,https://x.com/livemint/status/2037484492445848044,https://x.com/livemint,livemint,Mint,https://pbs.twimg.com/profile_images/1873593204349812737/foqpUBJN_bigger.jpg,,"#MintIIS2026 | India is predominantly family-owned. For society to accept M&amp;As, there had to be behavioural change: Alok Malpani, Emirates NBD Capital India

Watch live 📺  https://t.co/LpbhUczG5d

@Priyamouli1812 | @JSALawIndia @SAEL_India @PFRDAOfficial @equirusgroup https://t.co/o2QiCS0nWQ","<a href=""/search?f=tweets&amp;q=%23MintIIS2026"">#MintIIS2026</a> | India is predominantly family-owned. For society to accept M&amp;As, there had to be behavioural change: Alok Malpani, Emirates NBD Capital India

Watch live 📺  <a href=""https://www.youtube.com/live/WxfWSloT6X4"">youtube.com/live/WxfWSloT6X4</a>

<a href=""/Priyamouli1812"" title=""Priyamvada C"">@Priyamouli1812</a> | <a href=""/JSALawIndia"" title=""JSA Advocates &amp; Solicitors"">@JSALawIndia</a> <a href=""/SAEL_India"" title=""SAEL"">@SAEL_India</a> <a href=""/PFRDAOfficial"" title=""PFRDA"">@PFRDAOfficial</a> <a href=""/equirusgroup"" title=""Equirus"">@equirusgroup</a>",False,,,17h,"Mar 27, 2026 · 10:58 AM UTC",2026-03-27 10:58:00+00:00,,"['https://x.com/search?f=tweets&q=%23MintIIS2026', 'https://www.youtube.com/live/WxfWSloT6X4', 'https://x.com/Priyamouli1812', 'https://x.com/JSALawIndia', 'https://x.com/SAEL_India', 'https://x.com/PFRDAOfficial', 'https://x.com/equirusgroup']",0,0,2,914,ENBD,"#MintIIS2026 | India is predominantly family-owned. For society to accept M&As, there had to be behavioural change: Alok Malpani, Emirates NBD Capital India

Watch live 📺  youtube.com/live/WxfWSloT6X4

@Priyamouli1812 | @JSALawIndia @SAEL_India @PFRDAOfficial @equirusgroup",https://x.com/livemint/status/2037484492445848044,"#MintIIS2026 | India is predominantly family-owned. For society to accept M&amp;As, there had to be behavioural change: Alok Malpani, Emirates NBD Capital India

Watch live 📺  https://t.co/LpbhUczG5d

@Priyamouli1812 | @JSALawIndia @SAEL_India @PFRDAOfficial @equirusgroup https://t.co/o2QiCS0nWQ","#MintIIS2026 | India is predominantly family-owned. For society to accept M&amp;As, there had to be behavioural change: Alok Malpani, Emirates NBD Capital India

Watch live 📺  https://t.co/LpbhUczG5d

@Priyamouli1812 | @JSALawIndia @SAEL_India @PFRDAOfficial @equirusgroup https://t.co/o2QiCS0nWQ","India is predominantly family-owned. For society to accept mergers and acquisitions, there had to be a behavioral change: Alok Malpani, Emirates NBD Capital India.",Cust,Neutral,2026-03-27 14:58:00+04:00,27-03-2026
2037483796837380338,https://x.com/livemint/status/2037483796837380338,https://x.com/livemint,livemint,Mint,https://pbs.twimg.com/profile_images/1873593204349812737/foqpUBJN_bigger.jpg,,"#MintIIS2026 | What will define the next wave of investment opportunities in India? 📊

📺 Tune into Day 2 of the Mint India Investment Summit & Awards 2026 for insights on growth sectors, innovation, and market strategies - ending with the prestigious awards night 🏆✨

Watch LIVE 🔴 👉 https://t.co/A0NDB7vZED

Stay tuned 🔗 https://t.co/I8VmKf5taz 

@JSALawIndia |  @SAEL_India | @gripinvest | @PFRDAOfficial |  @equirusgroup | @MuthootIndia |  @MProfit","<a href=""/search?f=tweets&amp;q=%23MintIIS2026"">#MintIIS2026</a> | Alok Malpani, CEO, Emirates NBD Capital India Pvt Ltd: India, predominantly, is family owned. Even the conglomerates are family owned, the decision makers are individuals…for society to accept m&amp;as there has to be behavioural change. The real m&amp;a activity started in 2005 where India went on a shopping spree…Post-Covid the structural behaviour saw a change and we saw evolution in domestic deal making.

Watch live 🔴
<a href=""https://youtube.com/live/WxfWSloT6X4"">youtube.com/live/WxfWSloT6X4</a>

 <a href=""/JSALawIndia"" title=""JSA Advocates &amp; Solicitors"">@JSALawIndia</a> |  <a href=""/SAEL_India"" title=""SAEL"">@SAEL_India</a> | <a href=""/gripinvest"" title=""Grip Invest"">@gripinvest</a> | <a href=""/PFRDAOfficial"" title=""PFRDA"">@PFRDAOfficial</a> |  <a href=""/equirusgroup"" title=""Equirus"">@equirusgroup</a> | <a href=""/MuthootIndia"" title=""muthootindia"">@MuthootIndia</a> |  <a href=""/MProfit"" title=""MProfit"">@MProfit</a>",False,,"['livemint', 'kotak811', 'nikunjbiyani', 'RaymondRealtyIN', 'Avendus', 'Brookfield', 'GoldmanSachs']",17h,"Mar 27, 2026 · 10:56 AM UTC",2026-03-27 10:56:00+00:00,,"['https://x.com/search?f=tweets&q=%23MintIIS2026', 'https://youtube.com/live/WxfWSloT6X4', 'https://x.com/JSALawIndia', 'https://x.com/SAEL_India', 'https://x.com/gripinvest', 'https://x.com/PFRDAOfficial', 'https://x.com/equirusgroup', 'https://x.com/MuthootIndia', 'https://x.com/MProfit']",1,0,0,454,ENBD,"#MintIIS2026 | Alok Malpani, CEO, Emirates NBD Capital India Pvt Ltd: India, predominantly, is family owned. Even the conglomerates are family owned, the decision makers are individuals…for society to accept m&as there has to be behavioural change. The real m&a activity started in 2005 where India went on a shopping spree…Post-Covid the structural behaviour saw a change and we saw evolution in domestic deal making.

Watch live 🔴
youtube.com/live/WxfWSloT6X4

 @JSALawIndia |  @SAEL_India | @gripinvest | @PFRDAOfficial |  @equirusgroup | @MuthootIndia |  @MProfit",https://x.com/livemint/status/2037483796837380338,"#MintIIS2026 | What will define the next wave of investment opportunities in India? 📊

📺 Tune into Day 2 of the Mint India Investment Summit & Awards 2026 for insights on growth sectors, innovation, and market strategies - ending with the prestigious awards night 🏆✨

Watch LIVE 🔴 👉 https://t.co/A0NDB7vZED

Stay tuned 🔗 https://t.co/I8VmKf5taz 

@JSALawIndia |  @SAEL_India | @gripinvest | @PFRDAOfficial |  @equirusgroup | @MuthootIndia |  @MProfit","#MintIIS2026 | What will define the next wave of investment opportunities in India? 📊

📺 Tune into Day 2 of the Mint India Investment Summit & Awards 2026 for insights on growth sectors, innovation, and market strategies - ending with the prestigious awards night 🏆✨

Watch LIVE 🔴 👉 https://t.co/A0NDB7vZED

Stay tuned 🔗 https://t.co/I8VmKf5taz 

@JSALawIndia |  @SAEL_India | @gripinvest | @PFRDAOfficial |  @equirusgroup | @MuthootIndia |  @MProfit","What will define the next wave of investment opportunities in India? 

Tune into Day 2 of the Mint India Investment Summit & Awards 2026 for insights on growth sectors, innovation, and market strategies - ending with the prestigious awards night.

Watch LIVE 

Stay tuned",Cust,Neutral,2026-03-27 14:56:00+04:00,27-03-2026
2037481371753443331,https://x.com/EmiratesNBD_KSA/status/2037481371753443331,https://x.com/EmiratesNBD_KSA,EmiratesNBD_KSA,EmiratesNBD KSA,https://pbs.twimg.com/profile_images/1762427762424385536/iUFFKIOK_bigger.jpg,,مرحبا شكرا لتواصلك معنا برجاء التوضيح هل ترغب في التقديم علي بطاقه جديده أو أستبدال بطاقه حاليه,مرحبا شكرا لتواصلك معنا برجاء التوضيح هل ترغب في التقديم علي بطاقه جديده أو أستبدال بطاقه حاليه,False,,['abumusab999'],17h,"Mar 27, 2026 · 10:46 AM UTC",2026-03-27 10:46:00+00:00,,,1,0,0,15,ENBD,مرحبا شكرا لتواصلك معنا برجاء التوضيح هل ترغب في التقديم علي بطاقه جديده أو أستبدال بطاقه حاليه,,,مرحبا شكرا لتواصلك معنا برجاء التوضيح هل ترغب في التقديم علي بطاقه جديده أو أستبدال بطاقه حاليه,"Hello, thank you for contacting us. Please clarify if you would like to apply for a new card or replace an existing card.",Bank,Neutral,2026-03-27 14:46:00+04:00,27-03-2026
2037480800703086596,https://x.com/EmiratesNBD_AE/status/2037480800703086596,https://x.com/EmiratesNBD_AE,EmiratesNBD_AE,Emirates NBD,https://pbs.twimg.com/profile_images/1762427651271110656/jOUBidn8_bigger.jpg,,Dealing with @EmiratesNBD_AE always follows the same pattern. Stage 1: Delays. Stage 2: Unclear responses. And finally Stage 3: Multiple follow-ups just to get the simplest things done. Currently at Stage 3.,"We sincerely regret for the inconvenience To be able to assist further, we kindly request you to reach to us at 

social@emiratesnbd.com

Quoting case #989304 in the subject line of the email from your registered email address We will make every effort to address the matter",False,,['harrissayoub'],17h,"Mar 27, 2026 · 10:44 AM UTC",2026-03-27 10:44:00+00:00,,,0,0,0,6,ENBD,"We sincerely regret for the inconvenience To be able to assist further, we kindly request you to reach to us at 

social@emiratesnbd.com

Quoting case #989304 in the subject line of the email from your registered email address We will make every effort to address the matter",https://x.com/EmiratesNBD_AE/status/2037480800703086596,Dealing with @EmiratesNBD_AE always follows the same pattern. Stage 1: Delays. Stage 2: Unclear responses. And finally Stage 3: Multiple follow-ups just to get the simplest things done. Currently at Stage 3.,Dealing with @EmiratesNBD_AE always follows the same pattern. Stage 1: Delays. Stage 2: Unclear responses. And finally Stage 3: Multiple follow-ups just to get the simplest things done. Currently at Stage 3.,Dealing with Emirates NBD always follows the same pattern. Stage 1: Delays. Stage 2: Unclear responses. And finally Stage 3: Multiple follow-ups just to get the simplest things done. Currently at Stage 3.,Bank,Negative,2026-03-27 14:44:00+04:00,27-03-2026
2037476568159727811,https://x.com/abumusab999/status/2037476568159727811,https://x.com/abumusab999,abumusab999,SMAMRI,https://pbs.twimg.com/profile_images/1264193297305628672/qHnW4I-2_bigger.png,,@EmiratesNBD_KSA كيف طريقة استخراج بطاقة مزيد الائتمانيه ؟,"<a href=""/EmiratesNBD_KSA"" title=""EmiratesNBD KSA"">@EmiratesNBD_KSA</a> كيف طريقة استخراج بطاقة مزيد الائتمانيه ؟",False,,,17h,"Mar 27, 2026 · 10:27 AM UTC",2026-03-27 10:27:00+00:00,,['https://x.com/EmiratesNBD_KSA'],1,0,0,31,ENBD,@EmiratesNBD_KSA كيف طريقة استخراج بطاقة مزيد الائتمانيه ؟,,,@EmiratesNBD_KSA كيف طريقة استخراج بطاقة مزيد الائتمانيه ؟,How can I obtain a Mazid credit card?,Cust,Neutral,2026-03-27 14:27:00+04:00,27-03-2026
2037475105203507641,https://x.com/EntAlArabiya/status/2037475105203507641,https://x.com/EntAlArabiya,EntAlArabiya,Entrepreneur العربية,https://pbs.twimg.com/profile_images/1514308412343033862/Cl9tt_tx_bigger.jpg,,"الدولية للأوراق المالية تنضم إلى منصة بنك الإمارات دبي الوطني باي @EmiratesNBD_AE 

#بنك_الإمارات_دبي_الوطني #الدولية_للأوراق_المالية #فيزا #المدفوعات #الاستثمار  #entalarabiya
https://t.co/FYrC3lWQ0f","الدولية للأوراق المالية تنضم إلى منصة بنك الإمارات دبي الوطني باي <a href=""/EmiratesNBD_AE"" title=""Emirates NBD"">@EmiratesNBD_AE</a> 

<a href=""/search?f=tweets&amp;q=%23بنك_الإمارات_دبي_الوطني"">#بنك_الإمارات_دبي_الوطني</a> <a href=""/search?f=tweets&amp;q=%23الدولية_للأوراق_المالية"">#الدولية_للأوراق_المالية</a> <a href=""/search?f=tweets&amp;q=%23فيزا"">#فيزا</a> <a href=""/search?f=tweets&amp;q=%23المدفوعات"">#المدفوعات</a> <a href=""/search?f=tweets&amp;q=%23الاستثمار"">#الاستثمار</a>  <a href=""/search?f=tweets&amp;q=%23entalarabiya"">#entalarabiya</a>
<a href=""https://entrepreneuralarabiya.com/2026/03/27/77211/%d8%a7%d9%84%d8%af%d9%88%d9%84%d9%8a%d8%a9-%d9%84%d9%84%d8%a3%d9%88%d8%b1%d8%a7%d9%82-%d8%a7%d9%84%d9%85%d8%a7%d9%84%d9%8a%d8%a9-%d8%aa%d8%a8%d8%af%d8%a3-%d8%a7%d9%84%d8%b9%d9%85%d9%84-%d9%83/"">entrepreneuralarabiya.com/20…</a>",False,,,17h,"Mar 27, 2026 · 10:21 AM UTC",2026-03-27 10:21:00+00:00,,"['https://x.com/EmiratesNBD_AE', 'https://x.com/search?f=tweets&q=%23بنك_الإمارات_دبي_الوطني', 'https://x.com/search?f=tweets&q=%23الدولية_للأوراق_المالية', 'https://x.com/search?f=tweets&q=%23فيزا', 'https://x.com/search?f=tweets&q=%23المدفوعات', 'https://x.com/search?f=tweets&q=%23الاستثمار', 'https://x.com/search?f=tweets&q=%23entalarabiya', 'https://entrepreneuralarabiya.com/2026/03/27/77211/%d8%a7%d9%84%d8%af%d9%88%d9%84%d9%8a%d8%a9-%d9%84%d9%84%d8%a3%d9%88%d8%b1%d8%a7%d9%82-%d8%a7%d9%84%d9%85%d8%a7%d9%84%d9%8a%d8%a9-%d8%aa%d8%a8%d8%af%d8%a3-%d8%a7%d9%84%d8%b9%d9%85%d9%84-%d9%83/']",0,0,0,83,ENBD,"الدولية للأوراق المالية تنضم إلى منصة بنك الإمارات دبي الوطني باي @EmiratesNBD_AE 

#بنك_الإمارات_دبي_الوطني #الدولية_للأوراق_المالية #فيزا #المدفوعات #الاستثمار  #entalarabiya
entrepreneuralarabiya.com/20…",https://x.com/EntAlArabiya/status/2037475105203507641,"الدولية للأوراق المالية تنضم إلى منصة بنك الإمارات دبي الوطني باي @EmiratesNBD_AE 

#بنك_الإمارات_دبي_الوطني #الدولية_للأوراق_المالية #فيزا #المدفوعات #الاستثمار  #entalarabiya
https://t.co/FYrC3lWQ0f","الدولية للأوراق المالية تنضم إلى منصة بنك الإمارات دبي الوطني باي @EmiratesNBD_AE 

#بنك_الإمارات_دبي_الوطني #الدولية_للأوراق_المالية #فيزا #المدفوعات #الاستثمار  #entalarabiya
https://t.co/FYrC3lWQ0f",The International Securities joins the Emirates NBD Pay platform @EmiratesNBD_AE,Cust,Neutral,2026-03-27 14:21:00+04:00,27-03-2026
2037470129664196764,https://x.com/ForumRemittance/status/2037470129664196764,https://x.com/ForumRemittance,ForumRemittance,World Remittance Action Forum,https://pbs.twimg.com/profile_images/1942959686417891328/FNdImGgE_bigger.jpg,,"Emirates NBD has announced that UAE-based brokerage International Securities is now live on Emirates NBD Pay, enabling fast and secure trading account funding through Visa’s AFT model.

#EmiratesNBD #Fintech #DigitalPayments #Trading #UAE #Visa #Innovation #Finance https://t.co/RYU0A5fEhv","Emirates NBD has announced that UAE-based brokerage International Securities is now live on Emirates NBD Pay, enabling fast and secure trading account funding through Visa’s AFT model.

<a href=""/search?f=tweets&amp;q=%23EmiratesNBD"">#EmiratesNBD</a> <a href=""/search?f=tweets&amp;q=%23Fintech"">#Fintech</a> <a href=""/search?f=tweets&amp;q=%23DigitalPayments"">#DigitalPayments</a> <a href=""/search?f=tweets&amp;q=%23Trading"">#Trading</a> <a href=""/search?f=tweets&amp;q=%23UAE"">#UAE</a> <a href=""/search?f=tweets&amp;q=%23Visa"">#Visa</a> <a href=""/search?f=tweets&amp;q=%23Innovation"">#Innovation</a> <a href=""/search?f=tweets&amp;q=%23Finance"">#Finance</a>",False,,,18h,"Mar 27, 2026 · 10:01 AM UTC",2026-03-27 10:01:00+00:00,,"['https://x.com/search?f=tweets&q=%23EmiratesNBD', 'https://x.com/search?f=tweets&q=%23Fintech', 'https://x.com/search?f=tweets&q=%23DigitalPayments', 'https://x.com/search?f=tweets&q=%23Trading', 'https://x.com/search?f=tweets&q=%23UAE', 'https://x.com/search?f=tweets&q=%23Visa', 'https://x.com/search?f=tweets&q=%23Innovation', 'https://x.com/search?f=tweets&q=%23Finance']",0,0,0,15,ENBD,"Emirates NBD has announced that UAE-based brokerage International Securities is now live on Emirates NBD Pay, enabling fast and secure trading account funding through Visa’s AFT model.

#EmiratesNBD #Fintech #DigitalPayments #Trading #UAE #Visa #Innovation #Finance",https://x.com/ForumRemittance/status/2037470129664196764,"Emirates NBD has announced that UAE-based brokerage International Securities is now live on Emirates NBD Pay, enabling fast and secure trading account funding through Visa’s AFT model.

#EmiratesNBD #Fintech #DigitalPayments #Trading #UAE #Visa #Innovation #Finance https://t.co/RYU0A5fEhv","Emirates NBD has announced that UAE-based brokerage International Securities is now live on Emirates NBD Pay, enabling fast and secure trading account funding through Visa’s AFT model.

#EmiratesNBD #Fintech #DigitalPayments #Trading #UAE #Visa #Innovation #Finance https://t.co/RYU0A5fEhv","Emirates NBD has announced that UAE-based brokerage International Securities is now live on Emirates NBD Pay, enabling fast and secure trading account funding through Visa’s AFT model.",Cust,Positive,2026-03-27 14:01:00+04:00,27-03-2026
2037466808576266477,https://x.com/EmiratesNBD_AE/status/2037466808576266477,https://x.com/EmiratesNBD_AE,EmiratesNBD_AE,Emirates NBD,https://pbs.twimg.com/profile_images/1762427651271110656/jOUBidn8_bigger.jpg,,"@xlcsp We sincerely regret for the inconvenience To be able to assist further, we kindly request you to reach out to us

livsocialconnect@liv.me

Quoting case 988539 in the subject line of the email from your registered email address We will make every effort to address the matter","Kindly be informed that Liv team will be checking and responding to your email shortly, thank you for your patience.",False,,['xlcsp'],18h,"Mar 27, 2026 · 9:48 AM UTC",2026-03-27 09:48:00+00:00,,,0,0,0,8,ENBD,"Kindly be informed that Liv team will be checking and responding to your email shortly, thank you for your patience.",https://x.com/EmiratesNBD_AE/status/2037466808576266477,"@xlcsp We sincerely regret for the inconvenience To be able to assist further, we kindly request you to reach out to us

livsocialconnect@liv.me

Quoting case 988539 in the subject line of the email from your registered email address We will make every effort to address the matter","@xlcsp We sincerely regret for the inconvenience To be able to assist further, we kindly request you to reach out to us

livsocialconnect@liv.me

Quoting case 988539 in the subject line of the email from your registered email address We will make every effort to address the matter","We sincerely regret the inconvenience. To assist you further, we kindly request that you reach out to us at livsocialconnect@liv.me, quoting case 988539 in the subject line of the email from your registered email address. We will make every effort to address the matter.",Bank,Negative,2026-03-27 13:48:00+04:00,27-03-2026
2037465040018940100,https://x.com/harrissayoub/status/2037465040018940100,https://x.com/harrissayoub,harrissayoub,Harris,https://pbs.twimg.com/profile_images/1941456770540417024/W7CsxFZc_bigger.jpg,,Watch them auto-reply to this with a generic support email.,Watch them auto-reply to this with a generic support email.,False,,"['harrissayoub', 'EmiratesNBD_AE']",18h,"Mar 27, 2026 · 9:41 AM UTC",2026-03-27 09:41:00+00:00,,,1,0,0,13,ENBD,Watch them auto-reply to this with a generic support email.,,,Watch them auto-reply to this with a generic support email.,Watch them automatically respond to this with a generic support email.,Cust,Negative,2026-03-27 13:41:00+04:00,27-03-2026
2037464657695563894,https://x.com/harrissayoub/status/2037464657695563894,https://x.com/harrissayoub,harrissayoub,Harris,https://pbs.twimg.com/profile_images/1941456770540417024/W7CsxFZc_bigger.jpg,,Dealing with @EmiratesNBD_AE always follows the same pattern. Stage 1: Delays. Stage 2: Unclear responses. And finally Stage 3: Multiple follow-ups just to get the simplest things done. Currently at Stage 3.,"Dealing with <a href=""/EmiratesNBD_AE"" title=""Emirates NBD"">@EmiratesNBD_AE</a> always follows the same pattern. Stage 1: Delays. Stage 2: Unclear responses. And finally Stage 3: Multiple follow-ups just to get the simplest things done. Currently at Stage 3.",False,,,18h,"Mar 27, 2026 · 9:40 AM UTC",2026-03-27 09:40:00+00:00,,['https://x.com/EmiratesNBD_AE'],1,0,0,10,ENBD,Dealing with @EmiratesNBD_AE always follows the same pattern. Stage 1: Delays. Stage 2: Unclear responses. And finally Stage 3: Multiple follow-ups just to get the simplest things done. Currently at Stage 3.,,,Dealing with @EmiratesNBD_AE always follows the same pattern. Stage 1: Delays. Stage 2: Unclear responses. And finally Stage 3: Multiple follow-ups just to get the simplest things done. Currently at Stage 3.,Dealing with Emirates NBD always follows the same pattern. Stage 1: Delays. Stage 2: Unclear responses. And finally Stage 3: Multiple follow-ups just to get the simplest things done. Currently at Stage 3.,Cust,Negative,2026-03-27 13:40:00+04:00,27-03-2026
2037455548719968567,https://x.com/Dharmen86931771/status/2037455548719968567,https://x.com/Dharmen86931771,Dharmen86931771,Dharmendra,https://pbs.twimg.com/profile_images/1384832109672554500/1AdJFlb9_bigger.jpg,,"@EmiratesNBD_AE Mutual fund 
#ENBDRiddleOfTheWeek 
#financialwellbeing","Mutual fund 
<a href=""/search?f=tweets&amp;q=%23ENBDRiddleOfTheWeek"">#ENBDRiddleOfTheWeek</a> 
<a href=""/search?f=tweets&amp;q=%23financialwellbeing"">#financialwellbeing</a>",False,,['EmiratesNBD_AE'],18h,"Mar 27, 2026 · 9:03 AM UTC",2026-03-27 09:03:00+00:00,,"['https://x.com/search?f=tweets&q=%23ENBDRiddleOfTheWeek', 'https://x.com/search?f=tweets&q=%23financialwellbeing']",0,0,0,3,ENBD,"Mutual fund 
#ENBDRiddleOfTheWeek 
#financialwellbeing",https://x.com/Dharmen86931771/status/2037455548719968567,"@EmiratesNBD_AE Mutual fund 
#ENBDRiddleOfTheWeek 
#financialwellbeing","@EmiratesNBD_AE Mutual fund 
#ENBDRiddleOfTheWeek 
#financialwellbeing",Emirates NBD Mutual Fund #ENBDRiddleOfTheWeek #financialwellbeing,Cust,Neutral,2026-03-27 13:03:00+04:00,27-03-2026
2037432200166277382,https://x.com/EmiratesNBD_AE/status/2037432200166277382,https://x.com/EmiratesNBD_AE,EmiratesNBD_AE,Emirates NBD,https://pbs.twimg.com/profile_images/1762427651271110656/jOUBidn8_bigger.jpg,,"Stay safe and bank with ease with ENBD X and businessONLINE 

Visit emiratesnbd.com","Stay safe and bank with ease with ENBD X and businessONLINE 

Visit <a href=""http://www.emiratesnbd.com"">emiratesnbd.com</a>",False,,,20h,"Mar 27, 2026 · 7:31 AM UTC",2026-03-27 07:31:00+00:00,,['http://www.emiratesnbd.com'],1,0,7,788,ENBD,"Stay safe and bank with ease with ENBD X and businessONLINE 

Visit emiratesnbd.com",,,"Stay safe and bank with ease with ENBD X and businessONLINE 

Visit emiratesnbd.com","Stay safe and bank with ease with ENBD X and businessONLINE. 

Visit emiratesnbd.com",Bank,Positive,2026-03-27 11:31:00+04:00,27-03-2026
2037427832348082374,https://x.com/jazrawia15/status/2037427832348082374,https://x.com/jazrawia15,jazrawia15,مريم ❤ MBZ,https://pbs.twimg.com/profile_images/1652475865333211136/KGd9uKCV_bigger.jpg,,@EmiratesNBD_AE صناديق الاستثمار المشتركة (Mutual Funds),صناديق الاستثمار المشتركة (Mutual Funds),False,,['EmiratesNBD_AE'],20h,"Mar 27, 2026 · 7:13 AM UTC",2026-03-27 07:13:00+00:00,,,0,0,0,18,ENBD,صناديق الاستثمار المشتركة (Mutual Funds),https://x.com/jazrawia15/status/2037427832348082374,@EmiratesNBD_AE صناديق الاستثمار المشتركة (Mutual Funds),@EmiratesNBD_AE صناديق الاستثمار المشتركة (Mutual Funds),Mutual Funds,Cust,Neutral,2026-03-27 11:13:00+04:00,27-03-2026
2037427668879286533,https://x.com/jazrawia15/status/2037427668879286533,https://x.com/jazrawia15,jazrawia15,مريم ❤ MBZ,https://pbs.twimg.com/profile_images/1652475865333211136/KGd9uKCV_bigger.jpg,,"الأمر كله يتعلق بعدم وضع كل البيض في سلة واحدة.
هل يمكنك تخمين نوع الاستثمار؟ اكتب إجابتك في التعليقات أدناه.
#لغز_الأسبوع_ENBD #العافية_المالية #استثمر_بذكاء #أساسيات_المال https://t.co/vTM1HJze72",صناديق الاستثمار المشتركة (Mutual Funds),False,,['EmiratesNBD_AE'],20h,"Mar 27, 2026 · 7:13 AM UTC",2026-03-27 07:13:00+00:00,,,0,0,0,16,ENBD,صناديق الاستثمار المشتركة (Mutual Funds),https://x.com/jazrawia15/status/2037427668879286533,"الأمر كله يتعلق بعدم وضع كل البيض في سلة واحدة.
هل يمكنك تخمين نوع الاستثمار؟ اكتب إجابتك في التعليقات أدناه.
#لغز_الأسبوع_ENBD #العافية_المالية #استثمر_بذكاء #أساسيات_المال https://t.co/vTM1HJze72","الأمر كله يتعلق بعدم وضع كل البيض في سلة واحدة.
هل يمكنك تخمين نوع الاستثمار؟ اكتب إجابتك في التعليقات أدناه.
#لغز_الأسبوع_ENBD #العافية_المالية #استثمر_بذكاء #أساسيات_المال https://t.co/vTM1HJze72",It's all about not putting all your eggs in one basket. Can you guess the type of investment? Write your answer in the comments below.,Cust,Neutral,2026-03-27 11:13:00+04:00,27-03-2026
2037414318078120348,https://x.com/NovoCinemas/status/2037414318078120348,https://x.com/NovoCinemas,NovoCinemas,Novo Cinemas,https://pbs.twimg.com/profile_images/2008888282768429056/a3q3GqDa_bigger.jpg,,"Sometimes, all you need is a quiet escape into a great story. 🎞️🤍 Use your Emirates NBD card at Novo Cinemas to enjoy 15% off tickets any day of the week. A simple way to reward yourself with a moment of peace. Book your tickets now by visiting https://t.co/w2yAiSn6ht or the App https://t.co/MNACzihONn","Sometimes, all you need is a quiet escape into a great story. 🎞️🤍 Use your Emirates NBD card at Novo Cinemas to enjoy 15% off tickets any day of the week. A simple way to reward yourself with a moment of peace. Book your tickets now by visiting <a href=""http://www.NovoCinemas.com"">NovoCinemas.com</a> or the App",False,,,21h,"Mar 27, 2026 · 6:20 AM UTC",2026-03-27 06:20:00+00:00,,['http://www.NovoCinemas.com'],0,0,0,52,ENBD,"Sometimes, all you need is a quiet escape into a great story. 🎞️🤍 Use your Emirates NBD card at Novo Cinemas to enjoy 15% off tickets any day of the week. A simple way to reward yourself with a moment of peace. Book your tickets now by visiting NovoCinemas.com or the App",https://x.com/NovoCinemas/status/2037414318078120348,"Sometimes, all you need is a quiet escape into a great story. 🎞️🤍 Use your Emirates NBD card at Novo Cinemas to enjoy 15% off tickets any day of the week. A simple way to reward yourself with a moment of peace. Book your tickets now by visiting https://t.co/w2yAiSn6ht or the App https://t.co/MNACzihONn","Sometimes, all you need is a quiet escape into a great story. 🎞️🤍 Use your Emirates NBD card at Novo Cinemas to enjoy 15% off tickets any day of the week. A simple way to reward yourself with a moment of peace. Book your tickets now by visiting https://t.co/w2yAiSn6ht or the App https://t.co/MNACzihONn","Sometimes, all you need is a quiet escape into a great story. Use your Emirates NBD card at Novo Cinemas to enjoy 15% off tickets any day of the week. A simple way to reward yourself with a moment of peace. Book your tickets now by visiting https://t.co/w2yAiSn6ht or the App https://t.co/MNACzihONn",Cust,Positive,2026-03-27 10:20:00+04:00,27-03-2026
2037394759174799528,https://x.com/Tahoor500/status/2037394759174799528,https://x.com/Tahoor500,Tahoor500,Raja Tahoor Ahmad,https://pbs.twimg.com/profile_images/2035431872751382528/wMJZfEXF_bigger.jpg,,"Good morning! The weather in Sharjah, UAE looks lovely after the rain  🇦🇪 🌥️ https://t.co/9C4tnXBQe1","Great to see UAE banks like Emirates NBD waiving ATM fees due to current situation.

​But honestly, where are the money transfer apps?
 
​TapTap, DuPay, Remitly, botim, and e&amp; money need to step up. Drop the sending fees and give better exchange rates. People really need it right now.

<a href=""/dutweets"" title=""dutweets"">@dutweets</a> <a href=""/Botim_Official"" title=""botim"">@Botim_Official</a> <a href=""/remitly"" title=""Remitly 🌎"">@remitly</a> <a href=""/remitlysupport"" title=""@RemitlySupport"">@remitlysupport</a> <a href=""/eandmoney"" title=""e&amp; money"">@eandmoney</a>",False,,,23h,"Mar 27, 2026 · 5:02 AM UTC",2026-03-27 05:02:00+00:00,,"['https://x.com/dutweets', 'https://x.com/Botim_Official', 'https://x.com/remitly', 'https://x.com/remitlysupport', 'https://x.com/eandmoney']",1,0,0,94,ENBD,"Great to see UAE banks like Emirates NBD waiving ATM fees due to current situation.

​But honestly, where are the money transfer apps?
 
​TapTap, DuPay, Remitly, botim, and e& money need to step up. Drop the sending fees and give better exchange rates. People really need it right now.

@dutweets @Botim_Official @remitly @remitlysupport @eandmoney",https://x.com/Tahoor500/status/2037394759174799528,"Good morning! The weather in Sharjah, UAE looks lovely after the rain  🇦🇪 🌥️ https://t.co/9C4tnXBQe1","Good morning! The weather in Sharjah, UAE looks lovely after the rain  🇦🇪 🌥️ https://t.co/9C4tnXBQe1","Good morning! The weather in Sharjah, UAE looks lovely after the rain.",Cust,Neutral,2026-03-27 09:02:00+04:00,27-03-2026
2037384139725488443,https://x.com/marcelraj/status/2037384139725488443,https://x.com/marcelraj,marcelraj,Marcel Raj,https://pbs.twimg.com/profile_images/980770440766517248/keE9mwcw_bigger.jpg,,"@EmiratesNBD_AE Mutual fund 
#ENBDRiddleOfTheWeek 
#financialwellbeing","Mutual fund 
<a href=""/search?f=tweets&amp;q=%23ENBDRiddleOfTheWeek"">#ENBDRiddleOfTheWeek</a> 
<a href=""/search?f=tweets&amp;q=%23financialwellbeing"">#financialwellbeing</a>",False,,['EmiratesNBD_AE'],23h,"Mar 27, 2026 · 4:20 AM UTC",2026-03-27 04:20:00+00:00,,"['https://x.com/search?f=tweets&q=%23ENBDRiddleOfTheWeek', 'https://x.com/search?f=tweets&q=%23financialwellbeing']",0,0,0,14,ENBD,"Mutual fund 
#ENBDRiddleOfTheWeek 
#financialwellbeing",https://x.com/marcelraj/status/2037384139725488443,"@EmiratesNBD_AE Mutual fund 
#ENBDRiddleOfTheWeek 
#financialwellbeing","@EmiratesNBD_AE Mutual fund 
#ENBDRiddleOfTheWeek 
#financialwellbeing",Emirates NBD Mutual Fund #ENBDRiddleOfTheWeek #financialwellbeing,Cust,Neutral,2026-03-27 08:20:00+04:00,27-03-2026
2037369717959324018,https://x.com/wownews24x7/status/2037369717959324018,https://x.com/wownews24x7,wownews24x7,WOWNEWS24x7,https://pbs.twimg.com/profile_images/1928409671158697984/PhdWuhH9_bigger.jpg,,"🌅 Good Morning, Markets!
📆 27th March | ⏰ 06:40 AM IST
From FOMO to FMA — your pre-opening bell edge.
Full coverage 👉 https://t.co/Y5CfIAZZlN
👇 Market pulse 🧵
#WOWNEWS24x7 #FromFOMOtoFMA https://t.co/TmnAR3J8EH","✅ Positives
‣ Infosys to acquire Stratus &amp; Optimum Healthcare IT
‣ RBL Bank gets UAE nod for Emirates NBD majority stake
‣ Bharat Dynamics sees ₹150 bn FY27 order visibility
<a href=""/search?f=tweets&amp;q=%23StocksToWatch"">#StocksToWatch</a> <a href=""/search?f=tweets&amp;q=%23WOWNEWS24x7"">#WOWNEWS24x7</a>",False,,,Mar 27,"Mar 27, 2026 · 3:22 AM UTC",2026-03-27 03:22:00+00:00,,"['https://x.com/search?f=tweets&q=%23StocksToWatch', 'https://x.com/search?f=tweets&q=%23WOWNEWS24x7']",1,1,1,63,ENBD,"✅ Positives
‣ Infosys to acquire Stratus & Optimum Healthcare IT
‣ RBL Bank gets UAE nod for Emirates NBD majority stake
‣ Bharat Dynamics sees ₹150 bn FY27 order visibility
#StocksToWatch #WOWNEWS24x7",https://x.com/wownews24x7/status/2037369717959324018,"🌅 Good Morning, Markets!
📆 27th March | ⏰ 06:40 AM IST
From FOMO to FMA — your pre-opening bell edge.
Full coverage 👉 https://t.co/Y5CfIAZZlN
👇 Market pulse 🧵
#WOWNEWS24x7 #FromFOMOtoFMA https://t.co/TmnAR3J8EH","🌅 Good Morning, Markets!
📆 27th March | ⏰ 06:40 AM IST
From FOMO to FMA — your pre-opening bell edge.
Full coverage 👉 https://t.co/Y5CfIAZZlN
👇 Market pulse 🧵
#WOWNEWS24x7 #FromFOMOtoFMA https://t.co/TmnAR3J8EH","Good Morning, Markets! 27th March | 06:40 AM IST From FOMO to FMA — your pre-opening bell edge. Full coverage 👉 https://t.co/Y5CfIAZZlN Market pulse 🧵 #WOWNEWS24x7 #FromFOMOtoFMA https://t.co/TmnAR3J8EH",Cust,Neutral,2026-03-27 07:22:00+04:00,27-03-2026
2037368895515050154,https://x.com/MoneyMitra2025/status/2037368895515050154,https://x.com/MoneyMitra2025,MoneyMitra2025,Money Mitra,https://pbs.twimg.com/profile_images/1982277795695689728/_7ElsJLA_bigger.jpg,,"🧵 𝗦𝗧𝗢𝗖𝗞𝗦 𝗜𝗡 𝗡𝗘𝗪𝗦 | 𝟮𝟳 𝗠𝗮𝗿𝗰𝗵 𝟮𝟬𝟮𝟲 | 𝗙𝗿𝗶𝗱𝗮𝘆

1️⃣ 🟢 𝗔𝗘𝗤𝗨𝗦
• Signs non-binding MoU with Karnataka government
#AEQUS #MoU #Karnataka","2️⃣8️⃣ 🟢 𝗥𝗕𝗟 𝗕𝗔𝗡𝗞
• Emirates NBD gets UAE central-bank nod for stake buy, RBI nod awaited
<a href=""/search?f=tweets&amp;q=%23RBLBank"">#RBLBank</a> <a href=""/search?f=tweets&amp;q=%23StakeSale"">#StakeSale</a> <a href=""/search?f=tweets&amp;q=%23Banking"">#Banking</a>",False,,,Mar 27,"Mar 27, 2026 · 3:19 AM UTC",2026-03-27 03:19:00+00:00,,"['https://x.com/search?f=tweets&q=%23RBLBank', 'https://x.com/search?f=tweets&q=%23StakeSale', 'https://x.com/search?f=tweets&q=%23Banking']",1,0,0,88,ENBD,"2️⃣8️⃣ 🟢 𝗥𝗕𝗟 𝗕𝗔𝗡𝗞
• Emirates NBD gets UAE central-bank nod for stake buy, RBI nod awaited
#RBLBank #StakeSale #Banking",https://x.com/MoneyMitra2025/status/2037368895515050154,"🧵 𝗦𝗧𝗢𝗖𝗞𝗦 𝗜𝗡 𝗡𝗘𝗪𝗦 | 𝟮𝟳 𝗠𝗮𝗿𝗰𝗵 𝟮𝟬𝟮𝟲 | 𝗙𝗿𝗶𝗱𝗮𝘆

1️⃣ 🟢 𝗔𝗘𝗤𝗨𝗦
• Signs non-binding MoU with Karnataka government
#AEQUS #MoU #Karnataka","🧵 𝗦𝗧𝗢𝗖𝗞𝗦 𝗜𝗡 𝗡𝗘𝗪𝗦 | 𝟮𝟳 𝗠𝗮𝗿𝗰𝗵 𝟮𝟬𝟮𝟲 | 𝗙𝗿𝗶𝗱𝗮𝘆

1️⃣ 🟢 𝗔𝗘𝗤𝗨𝗦
• Signs non-binding MoU with Karnataka government
#AEQUS #MoU #Karnataka","STOCKS IN NEWS | 27 March 2026 | Friday

1️⃣ 🟢 AEQUS
• Signs non-binding MoU with Karnataka government",Cust,Neutral,2026-03-27 07:19:00+04:00,27-03-2026
2037351848236155236,https://x.com/BusinessTiding/status/2037351848236155236,https://x.com/BusinessTiding,BusinessTiding,BUSINESS TIDING,https://pbs.twimg.com/profile_images/1754469023033769984/tgDMDS68_bigger.jpg,,"#IndoThai Securities: The Company (Indo Thai Financial Services) has increased the authorized Share Capital from Rs. 30 lakh to Rs. 15 Crores

#RBLBank: Announced that Emirates NBD Bank has received approval from the Central Bank of UAE to acquire a majority stake in RBL Bank","<a href=""/search?f=tweets&amp;q=%23IndoThai"">#IndoThai</a> Securities: The Company (Indo Thai Financial Services) has increased the authorized Share Capital from Rs. 30 lakh to Rs. 15 Crores

<a href=""/search?f=tweets&amp;q=%23RBLBank"">#RBLBank</a>: Announced that Emirates NBD Bank has received approval from the Central Bank of UAE to acquire a majority stake in RBL Bank",False,,,Mar 27,"Mar 27, 2026 · 2:11 AM UTC",2026-03-27 02:11:00+00:00,,"['https://x.com/search?f=tweets&q=%23IndoThai', 'https://x.com/search?f=tweets&q=%23RBLBank']",0,1,1,76,ENBD,"#IndoThai Securities: The Company (Indo Thai Financial Services) has increased the authorized Share Capital from Rs. 30 lakh to Rs. 15 Crores

#RBLBank: Announced that Emirates NBD Bank has received approval from the Central Bank of UAE to acquire a majority stake in RBL Bank",https://x.com/BusinessTiding/status/2037351848236155236,"#IndoThai Securities: The Company (Indo Thai Financial Services) has increased the authorized Share Capital from Rs. 30 lakh to Rs. 15 Crores

#RBLBank: Announced that Emirates NBD Bank has received approval from the Central Bank of UAE to acquire a majority stake in RBL Bank","#IndoThai Securities: The Company (Indo Thai Financial Services) has increased the authorized Share Capital from Rs. 30 lakh to Rs. 15 Crores

#RBLBank: Announced that Emirates NBD Bank has received approval from the Central Bank of UAE to acquire a majority stake in RBL Bank","IndoThai Securities: The Company (Indo Thai Financial Services) has increased the authorized share capital from Rs. 3 million to Rs. 150 million.

RBL Bank: Announced that Emirates NBD Bank has received approval from the Central Bank of UAE to acquire a majority stake in RBL Bank.",Cust,Neutral,2026-03-27 06:11:00+04:00,27-03-2026
2037319416560402505,https://x.com/babanasseralgh/status/2037319416560402505,https://x.com/babanasseralgh,babanasseralgh,لفقيدي والدي,https://pbs.twimg.com/profile_images/1645878730496114688/ejU13FCo_bigger.jpg,,@EmiratesNBD_KSA ممكن تردون خاص,"<a href=""/EmiratesNBD_KSA"" title=""EmiratesNBD KSA"">@EmiratesNBD_KSA</a> ممكن تردون خاص",False,,,Mar 27,"Mar 27, 2026 · 12:02 AM UTC",2026-03-27 00:02:00+00:00,,['https://x.com/EmiratesNBD_KSA'],0,0,0,6,ENBD,@EmiratesNBD_KSA ممكن تردون خاص,https://x.com/babanasseralgh/status/2037319416560402505,@EmiratesNBD_KSA ممكن تردون خاص,@EmiratesNBD_KSA ممكن تردون خاص,@EmiratesNBD_KSA Could you please respond privately?,Cust,Neutral,2026-03-27 04:02:00+04:00,27-03-2026
2037484085459750931,https://x.com/emiratesislamic/status/2037484085459750931,https://x.com/emiratesislamic,emiratesislamic,emiratesislamic,https://pbs.twimg.com/profile_images/1526452318874619904/yJhExjro_bigger.jpg,,"@centralbankuae 
I am left in a precarious situation having no living expenses for the coming weeks after @emiratesislamic bank deducted 100% against my credit card dues without notice. After having a call they have been inconsiderate over my situation.
@JamalIslamic","Dear customer please note that we have replied to you on the same message on the previous post, to serve you 
better please check your private message.",False,,['abuzubayr1987'],17h,"Mar 27, 2026 · 10:57 AM UTC",2026-03-27 10:57:00+00:00,,,0,0,0,9,EI,"Dear customer please note that we have replied to you on the same message on the previous post, to serve you 
better please check your private message.",https://x.com/emiratesislamic/status/2037484085459750931,"@centralbankuae 
I am left in a precarious situation having no living expenses for the coming weeks after @emiratesislamic bank deducted 100% against my credit card dues without notice. After having a call they have been inconsiderate over my situation.
@JamalIslamic","@centralbankuae 
I am left in a precarious situation having no living expenses for the coming weeks after @emiratesislamic bank deducted 100% against my credit card dues without notice. After having a call they have been inconsiderate over my situation.
@JamalIslamic","I am left in a precarious situation having no living expenses for the coming weeks after Emirates Islamic Bank deducted 100% against my credit card dues without notice. After having a call, they have been inconsiderate about my situation.",Bank,Negative,2026-03-27 14:57:00+04:00,27-03-2026
2037462241591615667,https://x.com/emiratesislamic/status/2037462241591615667,https://x.com/emiratesislamic,emiratesislamic,emiratesislamic,https://pbs.twimg.com/profile_images/1526452318874619904/yJhExjro_bigger.jpg,,"Small choices can make a big difference.
Staying aware of your spending helps you stay in control — today and tomorrow.
#FinancialWellbeing #Finwell #Spending  #EmiratesIslamic

To know more, Visit:
https://t.co/XvyZgR87nM https://t.co/qmzRHQJjQ8","سلامتكم أولويتنا.
نوصي باستخدام تطبيق + EI ومنصة businessONLINE لإنجاز معاملاتكم المصرفية بسهولة وأمان.

Your safety comes first.
Use EI + Mobile &amp; Online Banking and businessONLINE with ease and security.",False,,,18h,"Mar 27, 2026 · 9:30 AM UTC",2026-03-27 09:30:00+00:00,,,0,1,2,88,EI,"سلامتكم أولويتنا.
نوصي باستخدام تطبيق + EI ومنصة businessONLINE لإنجاز معاملاتكم المصرفية بسهولة وأمان.

Your safety comes first.
Use EI + Mobile & Online Banking and businessONLINE with ease and security.",https://x.com/emiratesislamic/status/2037462241591615667,"Small choices can make a big difference.
Staying aware of your spending helps you stay in control — today and tomorrow.
#FinancialWellbeing #Finwell #Spending  #EmiratesIslamic

To know more, Visit:
https://t.co/XvyZgR87nM https://t.co/qmzRHQJjQ8","Small choices can make a big difference.
Staying aware of your spending helps you stay in control — today and tomorrow.
#FinancialWellbeing #Finwell #Spending  #EmiratesIslamic

To know more, Visit:
https://t.co/XvyZgR87nM https://t.co/qmzRHQJjQ8","Small choices can make a big difference. Staying aware of your spending helps you stay in control — today and tomorrow. #FinancialWellbeing #Finwell #Spending #EmiratesIslamic To know more, Visit: https://t.co/XvyZgR87nM https://t.co/qmzRHQJjQ8",Bank,Neutral,2026-03-27 13:30:00+04:00,27-03-2026
2037485522399236349,https://x.com/abuzubayr1987/status/2037485522399236349,https://x.com/abuzubayr1987,abuzubayr1987,Safwan,https://pbs.twimg.com/abs.twimg.com/sticky/default_profile_images/default_profile_bigger.png,,"@emiratesislamic All I got was a feedback form!
No real solution, making things worse for me every passing day. No response from account manager. Now even my registered mobile number is suspended due to this 100% deduction that was done and I am unable to do payments!
@SanadakUAE @JamalIslamic","All I got was a feedback form!
No real solution, making things worse for me every passing day. No response from account manager. Now even my registered mobile number is suspended due to this 100% deduction that was done and I am unable to do payments!
<a href=""/SanadakUAE"" title=""Sanadak"">@SanadakUAE</a> <a href=""/JamalIslamic"" title=""JAMAL BIN GHALIATA (CEO EMIRATES ISLAMIC BANK)"">@JamalIslamic</a>",False,,['emiratesislamic'],16h,"Mar 27, 2026 · 11:02 AM UTC",2026-03-27 11:02:00+00:00,,"['https://x.com/SanadakUAE', 'https://x.com/JamalIslamic']",1,0,0,12,EI,"All I got was a feedback form!
No real solution, making things worse for me every passing day. No response from account manager. Now even my registered mobile number is suspended due to this 100% deduction that was done and I am unable to do payments!
@SanadakUAE @JamalIslamic",https://x.com/abuzubayr1987/status/2037485522399236349,"@emiratesislamic All I got was a feedback form!
No real solution, making things worse for me every passing day. No response from account manager. Now even my registered mobile number is suspended due to this 100% deduction that was done and I am unable to do payments!
@SanadakUAE @JamalIslamic","@emiratesislamic All I got was a feedback form!
No real solution, making things worse for me every passing day. No response from account manager. Now even my registered mobile number is suspended due to this 100% deduction that was done and I am unable to do payments!
@SanadakUAE @JamalIslamic","All I got was a feedback form! No real solution, making things worse for me every passing day. No response from the account manager. Now even my registered mobile number is suspended due to this 100% deduction that was done and I am unable to make payments!",Cust,Negative,2026-03-27 15:02:00+04:00,27-03-2026
2037480161797722518,https://x.com/abuzubayr1987/status/2037480161797722518,https://x.com/abuzubayr1987,abuzubayr1987,Safwan,https://pbs.twimg.com/abs.twimg.com/sticky/default_profile_images/default_profile_bigger.png,,"Hello
I got a call from your social media team, with no real solution because they cannot access my account from alternative number. While all other departments are quick enough to access details and deduct undue amounts without prior notice.","Hello
I got a call from your social media team, with no real solution because they cannot access my account from alternative number. While all other departments are quick enough to access details and deduct undue amounts without prior notice.",False,,['emiratesislamic'],17h,"Mar 27, 2026 · 10:41 AM UTC",2026-03-27 10:41:00+00:00,,,1,0,0,11,EI,"Hello
I got a call from your social media team, with no real solution because they cannot access my account from alternative number. While all other departments are quick enough to access details and deduct undue amounts without prior notice.",,,"Hello
I got a call from your social media team, with no real solution because they cannot access my account from alternative number. While all other departments are quick enough to access details and deduct undue amounts without prior notice.","Hello I received a call from your social media team, but they didn't provide a real solution because they cannot access my account using an alternative number. Meanwhile, all other departments are quick to access details and deduct incorrect amounts without prior notice.",Cust,Negative,2026-03-27 14:41:00+04:00,27-03-2026
