id,permalink,userUrl,username,fullname,avatar,verified,text,html,isRetweet,retweetedBy,replyingTo,relativeTime,displayTime,createdAt,images,links,comments,retweets,likes,Views,bank_ext,text_1,postUrl,replyText,text_v1
2037955706662604958,https://x.com/Rita09729643/status/2037955706662604958,https://x.com/Rita09729643,Rita09729643,Rita,https://pbs.twimg.com/profile_images/1655465335775010816/KmAYkyBx_bigger.jpg,,"Get guaranteed vouchers worth of AED750
 
Apply for Emirates NBD noon One Visa Credit Card and receive a guaranteed Majid Al Futtaim voucher worth AED 750.
https://t.co/Rj1kVb2Rck https://t.co/MQajcVjmt6","Hi I have a credit card of Emirates NBD, but I haven’t used it for many years, suddenly I received the email of statement that I need to pay 764.13AED as the total payment due, this is really unacceptable.",False,,['EmiratesNBD_AE'],9h,"Mar 28, 2026 · 6:11 PM UTC",2026-03-28T18:11:00Z,,,0.0,0.0,0.0,9.0,ENBD,"Hi I have a credit card of Emirates NBD, but I haven’t used it for many years, suddenly I received the email of statement that I need to pay 764.13AED as the total payment due, this is really unacceptable.",https://x.com/Rita09729643/status/2037955706662604958,"Get guaranteed vouchers worth of AED750
 
Apply for Emirates NBD noon One Visa Credit Card and receive a guaranteed Majid Al Futtaim voucher worth AED 750.
https://t.co/Rj1kVb2Rck https://t.co/MQajcVjmt6","Get guaranteed vouchers worth of AED750
 
Apply for Emirates NBD noon One Visa Credit Card and receive a guaranteed Majid Al Futtaim voucher worth AED 750.
https://t.co/Rj1kVb2Rck https://t.co/MQajcVjmt6"
2037936526093430909,https://x.com/EmiratesNBD_AE/status/2037936526093430909,https://x.com/EmiratesNBD_AE,EmiratesNBD_AE,Emirates NBD,https://pbs.twimg.com/profile_images/1762427651271110656/jOUBidn8_bigger.jpg,,We regret to inform you that this process can be done only by a branch visit within the UAE.,We regret to inform you that this process can be done only by a branch visit within the UAE.,False,,['cruizomfs'],11h,"Mar 28, 2026 · 4:55 PM UTC",2026-03-28T16:55:00Z,,,0.0,0.0,1.0,15.0,ENBD,We regret to inform you that this process can be done only by a branch visit within the UAE.,,,We regret to inform you that this process can be done only by a branch visit within the UAE.
2037928218003382573,https://x.com/cruizomfs/status/2037928218003382573,https://x.com/cruizomfs,cruizomfs,Los 🥚 De Donald Trump 🇺🇸,https://pbs.twimg.com/profile_images/2030819740177063936/UWZXuDTH_bigger.jpg,,"What’s more suspicious?

Stay Safe, Stay Vigilant. #UnitedAgainstFraud

https://t.co/YpRWtBZrhq","I just got back from the UAE, is there any chance I can start the process online. I&#39;ll probably go again in august.",False,,['EmiratesNBD_AE'],11h,"Mar 28, 2026 · 4:22 PM UTC",2026-03-28T16:22:00Z,,,1.0,0.0,0.0,7.0,ENBD,"I just got back from the UAE, is there any chance I can start the process online. I'll probably go again in august.",https://x.com/cruizomfs/status/2037928218003382573,"What’s more suspicious?

Stay Safe, Stay Vigilant. #UnitedAgainstFraud

https://t.co/YpRWtBZrhq","What’s more suspicious?

Stay Safe, Stay Vigilant. #UnitedAgainstFraud

https://t.co/YpRWtBZrhq"
2037921044221010067,https://x.com/EmiratesNBD_AE/status/2037921044221010067,https://x.com/EmiratesNBD_AE,EmiratesNBD_AE,Emirates NBD,https://pbs.twimg.com/profile_images/1762427651271110656/jOUBidn8_bigger.jpg,,"Hi, thank you for reaching out, please be informed that you can apply for non-resident account by a visit to one of our branches within the UAE.
Documents:
Proof of Identification:
Original Passport for sighting
In case of dual Nationality both the passports’ copies to be obtained.

Proof of Income / Employment
For employed individuals any one of the below documents are required:
Salary letter/certificate
Employment contract 
Last 6 months Bank statement
For self-employed individuals, both of the below documents are required:

Trade license 
Last 6 months Bank statement
For unemployed individuals, a proof of source of funds may be required by the Bank. 

Proof of Address: 
Two months utility bills that show normal range of consumption at time of billing
(Bill should not be more than 3 months old)","Hi, thank you for reaching out, please be informed that you can apply for non-resident account by a visit to one of our branches within the UAE.
Documents:
Proof of Identification:
Original Passport for sighting
In case of dual Nationality both the passports’ copies to be obtained.

Proof of Income / Employment
For employed individuals any one of the below documents are required:
Salary letter/certificate
Employment contract 
Last 6 months Bank statement
For self-employed individuals, both of the below documents are required:

Trade license 
Last 6 months Bank statement
For unemployed individuals, a proof of source of funds may be required by the Bank. 

Proof of Address: 
Two months utility bills that show normal range of consumption at time of billing
(Bill should not be more than 3 months old)",False,,['cruizomfs'],12h,"Mar 28, 2026 · 3:53 PM UTC",2026-03-28T15:53:00Z,,,1.0,0.0,1.0,7.0,ENBD,"Hi, thank you for reaching out, please be informed that you can apply for non-resident account by a visit to one of our branches within the UAE.
Documents:
Proof of Identification:
Original Passport for sighting
In case of dual Nationality both the passports’ copies to be obtained.

Proof of Income / Employment
For employed individuals any one of the below documents are required:
Salary letter/certificate
Employment contract 
Last 6 months Bank statement
For self-employed individuals, both of the below documents are required:

Trade license 
Last 6 months Bank statement
For unemployed individuals, a proof of source of funds may be required by the Bank. 

Proof of Address: 
Two months utility bills that show normal range of consumption at time of billing
(Bill should not be more than 3 months old)",,,"Hi, thank you for reaching out, please be informed that you can apply for non-resident account by a visit to one of our branches within the UAE.
Documents:
Proof of Identification:
Original Passport for sighting
In case of dual Nationality both the passports’ copies to be obtained.

Proof of Income / Employment
For employed individuals any one of the below documents are required:
Salary letter/certificate
Employment contract 
Last 6 months Bank statement
For self-employed individuals, both of the below documents are required:

Trade license 
Last 6 months Bank statement
For unemployed individuals, a proof of source of funds may be required by the Bank. 

Proof of Address: 
Two months utility bills that show normal range of consumption at time of billing
(Bill should not be more than 3 months old)"
2037911596106715381,https://x.com/cruizomfs/status/2037911596106715381,https://x.com/cruizomfs,cruizomfs,Los 🥚 De Donald Trump 🇺🇸,https://pbs.twimg.com/profile_images/2030819740177063936/UWZXuDTH_bigger.jpg,,Hello. Do I need a residency in order to open an account?,Hello. Do I need a residency in order to open an account?,False,,['EmiratesNBD_AE'],12h,"Mar 28, 2026 · 3:16 PM UTC",2026-03-28T15:16:00Z,,,1.0,0.0,0.0,4.0,ENBD,Hello. Do I need a residency in order to open an account?,,,Hello. Do I need a residency in order to open an account?
2037895388909142325,https://x.com/EmiratesNBD_AE/status/2037895388909142325,https://x.com/EmiratesNBD_AE,EmiratesNBD_AE,Emirates NBD,https://pbs.twimg.com/profile_images/1762427651271110656/jOUBidn8_bigger.jpg,,"Get guaranteed vouchers worth of AED750
 
Apply for Emirates NBD noon One Visa Credit Card and receive a guaranteed Majid Al Futtaim voucher worth AED 750.
emiratesnbd.com/en/campaigns…","Get guaranteed vouchers worth of AED750
 
Apply for Emirates NBD noon One Visa Credit Card and receive a guaranteed Majid Al Futtaim voucher worth AED 750.
<a href=""https://www.emiratesnbd.com/en/campaigns/noon-one-credit-card"">emiratesnbd.com/en/campaigns…</a>",False,,,13h,"Mar 28, 2026 · 2:11 PM UTC",2026-03-28T14:11:00Z,,['https://www.emiratesnbd.com/en/campaigns/noon-one-credit-card'],2.0,1.0,2.0,641.0,ENBD,"Get guaranteed vouchers worth of AED750
 
Apply for Emirates NBD noon One Visa Credit Card and receive a guaranteed Majid Al Futtaim voucher worth AED 750.
emiratesnbd.com/en/campaigns…",,,"Get guaranteed vouchers worth of AED750
 
Apply for Emirates NBD noon One Visa Credit Card and receive a guaranteed Majid Al Futtaim voucher worth AED 750.
emiratesnbd.com/en/campaigns…"
2037873211728081164,https://x.com/EmiratesNBD_AE/status/2037873211728081164,https://x.com/EmiratesNBD_AE,EmiratesNBD_AE,Emirates NBD,https://pbs.twimg.com/profile_images/1762427651271110656/jOUBidn8_bigger.jpg,,"Please note that we don't have access to your profile from this channel due to security reasons, so kindly share the details through email, so we can check accordingly","Please note that we don&#39;t have access to your profile from this channel due to security reasons, so kindly share the details through email, so we can check accordingly",False,,['rated_sm'],15h,"Mar 28, 2026 · 12:43 PM UTC",2026-03-28T12:43:00Z,,,0.0,0.0,0.0,3.0,ENBD,"Please note that we don't have access to your profile from this channel due to security reasons, so kindly share the details through email, so we can check accordingly",,,"Please note that we don't have access to your profile from this channel due to security reasons, so kindly share the details through email, so we can check accordingly"
2037867679802122593,https://x.com/rated_sm/status/2037867679802122593,https://x.com/rated_sm,rated_sm,rated_sm,https://pbs.twimg.com/profile_images/1870693863452524544/xTAmP9KA_bigger.jpg,,"@EmiratesNBD_AE My phone is broken and is pending repair with Apple. I need to make a payment and I logged into the website using OTP, but when attempting payment, its still asking for Smart Pass confirmation and no OTP option. Same when attempting to contact Whatsapp Support.",I was hoping for a more immediate support and solution cause inability to make this payment will cause me to incur a large overlimit fee.,False,,['EmiratesNBD_AE'],15h,"Mar 28, 2026 · 12:21 PM UTC",2026-03-28T12:21:00Z,,,1.0,0.0,0.0,2.0,ENBD,I was hoping for a more immediate support and solution cause inability to make this payment will cause me to incur a large overlimit fee.,https://x.com/rated_sm/status/2037867679802122593,"@EmiratesNBD_AE My phone is broken and is pending repair with Apple. I need to make a payment and I logged into the website using OTP, but when attempting payment, its still asking for Smart Pass confirmation and no OTP option. Same when attempting to contact Whatsapp Support.","@EmiratesNBD_AE My phone is broken and is pending repair with Apple. I need to make a payment and I logged into the website using OTP, but when attempting payment, its still asking for Smart Pass confirmation and no OTP option. Same when attempting to contact Whatsapp Support."
2037866970410811411,https://x.com/EmiratesNBD_AE/status/2037866970410811411,https://x.com/EmiratesNBD_AE,EmiratesNBD_AE,Emirates NBD,https://pbs.twimg.com/profile_images/1762427651271110656/jOUBidn8_bigger.jpg,,"We sincerely regret for the inconvenience To be able to assist further, we kindly request you to reach out to us at 

social@emiratesnbd.com

Quoting case #989891 in the subject line of the email from your registered email address We will make every effort to address the matter","We sincerely regret for the inconvenience To be able to assist further, we kindly request you to reach out to us at 

social@emiratesnbd.com

Quoting case #989891 in the subject line of the email from your registered email address We will make every effort to address the matter",False,,['rated_sm'],15h,"Mar 28, 2026 · 12:18 PM UTC",2026-03-28T12:18:00Z,,,1.0,0.0,0.0,10.0,ENBD,"We sincerely regret for the inconvenience To be able to assist further, we kindly request you to reach out to us at 

social@emiratesnbd.com

Quoting case #989891 in the subject line of the email from your registered email address We will make every effort to address the matter",,,"We sincerely regret for the inconvenience To be able to assist further, we kindly request you to reach out to us at 

social@emiratesnbd.com

Quoting case #989891 in the subject line of the email from your registered email address We will make every effort to address the matter"
2037865010320539854,https://x.com/rated_sm/status/2037865010320539854,https://x.com/rated_sm,rated_sm,rated_sm,https://pbs.twimg.com/profile_images/1870693863452524544/xTAmP9KA_bigger.jpg,,"@EmiratesNBD_AE My phone is broken and is pending repair with Apple. I need to make a payment and I logged into the website using OTP, but when attempting payment, its still asking for Smart Pass confirmation and no OTP option. Same when attempting to contact Whatsapp Support.","<a href=""/EmiratesNBD_AE"" title=""Emirates NBD"">@EmiratesNBD_AE</a> My phone is broken and is pending repair with Apple. I need to make a payment and I logged into the website using OTP, but when attempting payment, its still asking for Smart Pass confirmation and no OTP option. Same when attempting to contact Whatsapp Support.",False,,,15h,"Mar 28, 2026 · 12:10 PM UTC",2026-03-28T12:10:00Z,,['https://x.com/EmiratesNBD_AE'],1.0,0.0,0.0,17.0,ENBD,"@EmiratesNBD_AE My phone is broken and is pending repair with Apple. I need to make a payment and I logged into the website using OTP, but when attempting payment, its still asking for Smart Pass confirmation and no OTP option. Same when attempting to contact Whatsapp Support.",,,"@EmiratesNBD_AE My phone is broken and is pending repair with Apple. I need to make a payment and I logged into the website using OTP, but when attempting payment, its still asking for Smart Pass confirmation and no OTP option. Same when attempting to contact Whatsapp Support."
2037827252075839770,https://x.com/EmiratesNBD_KSA/status/2037827252075839770,https://x.com/EmiratesNBD_KSA,EmiratesNBD_KSA,EmiratesNBD KSA,https://pbs.twimg.com/profile_images/1762427762424385536/iUFFKIOK_bigger.jpg,,"@EmiratesNBD_KSA بالنسبة للتقسيط بدون هامش ربح هل لو سددت من خلال الفيزا ابل باي اقدر استفيد من العرض ؟ 
يعني ععندب في نون اشتري ابل باي وبعدها اقسطها ؟","نعم يمكنك تقسيط المبلغ, لطلب التقسيط وتفاصيل أكثر قبل إجراء المعاملة يرجى الاتصال بنا على الرقم المجاني 8007547777",False,,['Talal_Hus'],18h,"Mar 28, 2026 · 9:40 AM UTC",2026-03-28T09:40:00Z,,,0.0,0.0,0.0,27.0,ENBD,"نعم يمكنك تقسيط المبلغ, لطلب التقسيط وتفاصيل أكثر قبل إجراء المعاملة يرجى الاتصال بنا على الرقم المجاني 8007547777",https://x.com/EmiratesNBD_KSA/status/2037827252075839770,"@EmiratesNBD_KSA بالنسبة للتقسيط بدون هامش ربح هل لو سددت من خلال الفيزا ابل باي اقدر استفيد من العرض ؟ 
يعني ععندب في نون اشتري ابل باي وبعدها اقسطها ؟","@EmiratesNBD_KSA بالنسبة للتقسيط بدون هامش ربح هل لو سددت من خلال الفيزا ابل باي اقدر استفيد من العرض ؟ 
يعني ععندب في نون اشتري ابل باي وبعدها اقسطها ؟"
2037818020597215557,https://x.com/Talal_Hus/status/2037818020597215557,https://x.com/Talal_Hus,Talal_Hus,T.A,https://pbs.twimg.com/profile_images/1499888329797652480/UU2JVEEj_bigger.jpg,,"@EmiratesNBD_KSA بالنسبة للتقسيط بدون هامش ربح هل لو سددت من خلال الفيزا ابل باي اقدر استفيد من العرض ؟ 
يعني ععندب في نون اشتري ابل باي وبعدها اقسطها ؟","<a href=""/EmiratesNBD_KSA"" title=""EmiratesNBD KSA"">@EmiratesNBD_KSA</a> بالنسبة للتقسيط بدون هامش ربح هل لو سددت من خلال الفيزا ابل باي اقدر استفيد من العرض ؟ 
يعني ععندب في نون اشتري ابل باي وبعدها اقسطها ؟",False,,,19h,"Mar 28, 2026 · 9:04 AM UTC",2026-03-28T09:04:00Z,,['https://x.com/EmiratesNBD_KSA'],1.0,0.0,0.0,18.0,ENBD,"@EmiratesNBD_KSA بالنسبة للتقسيط بدون هامش ربح هل لو سددت من خلال الفيزا ابل باي اقدر استفيد من العرض ؟ 
يعني ععندب في نون اشتري ابل باي وبعدها اقسطها ؟",,,"@EmiratesNBD_KSA بالنسبة للتقسيط بدون هامش ربح هل لو سددت من خلال الفيزا ابل باي اقدر استفيد من العرض ؟ 
يعني ععندب في نون اشتري ابل باي وبعدها اقسطها ؟"
2037804608517509572,https://x.com/eazyislit/status/2037804608517509572,https://x.com/eazyislit,eazyislit,Dat Dark Rich Dude 💎🇳🇬🇬🇧,https://pbs.twimg.com/profile_images/1920377756946169857/gG-ZA10q_bigger.jpg,,THE WOMAN DAT CARRIED YOU FOR 9 MONTHS MAY SHE LIVE LONG AND WITNESS YOU SUCCEED 🤍 https://t.co/0XDJyqkART,THE WOMAN DAT CARRIED YOU FOR 9 MONTHS MAY SHE LIVE LONG AND WITNESS YOU SUCCEED 🤍,False,,,19h,"Mar 28, 2026 · 8:10 AM UTC",2026-03-28T08:10:00Z,,,0.0,0.0,0.0,7.0,ENBD,THE WOMAN DAT CARRIED YOU FOR 9 MONTHS MAY SHE LIVE LONG AND WITNESS YOU SUCCEED 🤍,https://x.com/eazyislit/status/2037804608517509572,THE WOMAN DAT CARRIED YOU FOR 9 MONTHS MAY SHE LIVE LONG AND WITNESS YOU SUCCEED 🤍 https://t.co/0XDJyqkART,THE WOMAN DAT CARRIED YOU FOR 9 MONTHS MAY SHE LIVE LONG AND WITNESS YOU SUCCEED 🤍 https://t.co/0XDJyqkART
2037801868244533349,https://x.com/EmiratesNBD_AE/status/2037801868244533349,https://x.com/EmiratesNBD_AE,EmiratesNBD_AE,Emirates NBD,https://pbs.twimg.com/profile_images/1762427651271110656/jOUBidn8_bigger.jpg,,"Before clicking a link, what do you do?

Stay Safe, Stay Vigilant. #UnitedAgainstFraud

https://t.co/YpRWtBZrhq","What’s more suspicious?

Stay Safe, Stay Vigilant. <a href=""/search?f=tweets&amp;q=%23UnitedAgainstFraud"">#UnitedAgainstFraud</a>

<a href=""https://www.emiratesnbd.com/en/campaigns/united-against-fraud"">emiratesnbd.com/en/campaigns…</a>",False,,,20h,"Mar 28, 2026 · 8:00 AM UTC",2026-03-28T08:00:00Z,,"['https://x.com/search?f=tweets&q=%23UnitedAgainstFraud', 'https://www.emiratesnbd.com/en/campaigns/united-against-fraud']",2.0,0.0,3.0,497.0,ENBD,"What’s more suspicious?

Stay Safe, Stay Vigilant. #UnitedAgainstFraud

emiratesnbd.com/en/campaigns…",https://x.com/EmiratesNBD_AE/status/2037801868244533349,"Before clicking a link, what do you do?

Stay Safe, Stay Vigilant. #UnitedAgainstFraud

https://t.co/YpRWtBZrhq","Before clicking a link, what do you do?

Stay Safe, Stay Vigilant. #UnitedAgainstFraud

https://t.co/YpRWtBZrhq"
2037799000171216897,https://x.com/argosaki/status/2037799000171216897,https://x.com/argosaki,argosaki,GP Q,https://pbs.twimg.com/profile_images/1346926049532080128/AZU6mAE-_bigger.jpg,,"SOUNDS LIKE … QUANTUM 

Emirates NBD enables instant trading account top-ups for UAE investors
New system lets UAE investors fund trading accounts in near real time 
https://t.co/qE71v9rmUv","SOUNDS LIKE … QUANTUM 

Emirates NBD enables instant trading account top-ups for UAE investors
New system lets UAE investors fund trading accounts in near real time 
<a href=""https://gulfnews.com/business/banking/emirates-nbd-enables-instant-trading-account-top-ups-for-uae-investors-1.500487960"">gulfnews.com/business/bankin…</a>",False,,,20h,"Mar 28, 2026 · 7:48 AM UTC",2026-03-28T07:48:00Z,,['https://gulfnews.com/business/banking/emirates-nbd-enables-instant-trading-account-top-ups-for-uae-investors-1.500487960'],0.0,1.0,0.0,428.0,ENBD,"SOUNDS LIKE … QUANTUM 

Emirates NBD enables instant trading account top-ups for UAE investors
New system lets UAE investors fund trading accounts in near real time 
gulfnews.com/business/bankin…",https://x.com/argosaki/status/2037799000171216897,"SOUNDS LIKE … QUANTUM 

Emirates NBD enables instant trading account top-ups for UAE investors
New system lets UAE investors fund trading accounts in near real time 
https://t.co/qE71v9rmUv","SOUNDS LIKE … QUANTUM 

Emirates NBD enables instant trading account top-ups for UAE investors
New system lets UAE investors fund trading accounts in near real time 
https://t.co/qE71v9rmUv"
2037796434725269639,https://x.com/ZaibKang/status/2037796434725269639,https://x.com/ZaibKang,ZaibKang,Jahan Zaib Akbar Kang,https://pbs.twimg.com/profile_images/2028644994790436864/h-Avrj3s_bigger.jpg,,Thanks for your timely response.,Thanks for your timely response.,False,,['EmiratesNBD_AE'],20h,"Mar 28, 2026 · 7:38 AM UTC",2026-03-28T07:38:00Z,,,0.0,0.0,0.0,9.0,ENBD,Thanks for your timely response.,,,Thanks for your timely response.
2037796009921900610,https://x.com/MazBalushi35285/status/2037796009921900610,https://x.com/MazBalushi35285,MazBalushi35285,مازن البلوشي,https://pbs.twimg.com/profile_images/2018589030322253824/-R_IX5Kh_bigger.jpg,,"جمهور الصقر جاهزين لحفل العيد مع صقر الأغنية الخليجية #رابح_صقر ؟🦅🎶

#روتانا_لايف
#فعاليات_العيد
#رابح_صقر_في_الرياض

@Turki_alalshikh 
@RabehSaqer 
@GEA_SA 
@EidSeason 
@Mabdoarena 
@EmiratesNBD_KSA https://t.co/0V3B6UgNKV",🥳مزيد من النواة الفн على مسابقة رابح صقر! راحت لكم الحفل العيد في الرياض! 🎉 فوق_النهاية فقط,False,,"['RotanaLive', 'Turki_alalshikh', 'RabehSaqer', 'GEA_SA', 'EidSeason', 'Mabdoarena', 'EmiratesNBD_KSA']",20h,"Mar 28, 2026 · 7:36 AM UTC",2026-03-28T07:36:00Z,,,0.0,0.0,0.0,26.0,ENBD,🥳مزيد من النواة الفн على مسابقة رابح صقر! راحت لكم الحفل العيد في الرياض! 🎉 فوق_النهاية فقط,https://x.com/MazBalushi35285/status/2037796009921900610,"جمهور الصقر جاهزين لحفل العيد مع صقر الأغنية الخليجية #رابح_صقر ؟🦅🎶

#روتانا_لايف
#فعاليات_العيد
#رابح_صقر_في_الرياض

@Turki_alalshikh 
@RabehSaqer 
@GEA_SA 
@EidSeason 
@Mabdoarena 
@EmiratesNBD_KSA https://t.co/0V3B6UgNKV","جمهور الصقر جاهزين لحفل العيد مع صقر الأغنية الخليجية #رابح_صقر ؟🦅🎶

#روتانا_لايف
#فعاليات_العيد
#رابح_صقر_في_الرياض

@Turki_alalshikh 
@RabehSaqer 
@GEA_SA 
@EidSeason 
@Mabdoarena 
@EmiratesNBD_KSA https://t.co/0V3B6UgNKV"
2037792667782824069,https://x.com/EmiratesNBD_AE/status/2037792667782824069,https://x.com/EmiratesNBD_AE,EmiratesNBD_AE,Emirates NBD,https://pbs.twimg.com/profile_images/1762427651271110656/jOUBidn8_bigger.jpg,,"@EmiratesNBD_AE I applied for liv X account Still not received any response 

Reference number 
2026038379331830","We are so sorry to hear you had an unpleasant experience, please share with us your concern from your registered email address for further communication to social@emiratesnbd.com and tag the case reference number #989763 in the subject line.",False,,['ZaibKang'],20h,"Mar 28, 2026 · 7:23 AM UTC",2026-03-28T07:23:00Z,,,1.0,0.0,1.0,21.0,ENBD,"We are so sorry to hear you had an unpleasant experience, please share with us your concern from your registered email address for further communication to social@emiratesnbd.com and tag the case reference number #989763 in the subject line.",https://x.com/EmiratesNBD_AE/status/2037792667782824069,"@EmiratesNBD_AE I applied for liv X account Still not received any response 

Reference number 
2026038379331830","@EmiratesNBD_AE I applied for liv X account Still not received any response 

Reference number 
2026038379331830"
2037790087141101872,https://x.com/SelmaRomola/status/2037790087141101872,https://x.com/SelmaRomola,SelmaRomola,Selma Romola,https://pbs.twimg.com/profile_images/1118152018995105792/5fyZOTth_bigger.jpg,,"نفذت أموال أم خماس قبل نهاية الشهر.
 
هناك قاعدة بسيطة تُساعدها على إدارة أموالها بحكمة:
%50 للاحتياجات الأساسية
%30 للكماليات
%20 للادخار
 
خطة ذكية تمكّنك من الإنفاق والادخار والحفاظ على التحكم في ميزانيتك. هذه واحدة من العديد من النصائح التي يقدّمها لك برنامج البنك.

شاهد الحلقة وأخبرنا ما اسم البرنامج؟
 
للمشاركة:
- تابع حساب بنك الإمارات دبي الوطني
- قم بالإشارة إلى 3 من أصدقائك
- اكتب إجابتك في التعليقات أدناه لفرصة الفوز 10,000

Um Khammas ran out of cash before the month ended.

A simple rule can help her stay on track:
50% for needs
30% for wants
20% for savings

A smart plan that helps you spend, save and stay in control.

This is one of the many tips that the bank’s programme has in store.
Watch the episode and tell us the name of the programme?

To participate:
- Follow Emirates NBD
- Tag 3 friends
- Drop your answer below for a chance to win AED 10,000","Fin well Financial well-being program with Emirates NBD 
<a href=""/Sabaashraff"" title=""Saba Ashraf"">@Sabaashraff</a>
<a href=""/Sosomostafa729S"" title=""Soha.mostafa77"">@Sosomostafa729S</a>
<a href=""/Amanekhattab1"" title=""Amanekhattab"">@Amanekhattab1</a>",False,,['EmiratesNBD_AE'],20h,"Mar 28, 2026 · 7:13 AM UTC",2026-03-28T07:13:00Z,,"['https://x.com/Sabaashraff', 'https://x.com/Sosomostafa729S', 'https://x.com/Amanekhattab1']",0.0,0.0,0.0,7.0,ENBD,"Fin well Financial well-being program with Emirates NBD 
@Sabaashraff
@Sosomostafa729S
@Amanekhattab1",https://x.com/SelmaRomola/status/2037790087141101872,"نفذت أموال أم خماس قبل نهاية الشهر.
 
هناك قاعدة بسيطة تُساعدها على إدارة أموالها بحكمة:
%50 للاحتياجات الأساسية
%30 للكماليات
%20 للادخار
 
خطة ذكية تمكّنك من الإنفاق والادخار والحفاظ على التحكم في ميزانيتك. هذه واحدة من العديد من النصائح التي يقدّمها لك برنامج البنك.

شاهد الحلقة وأخبرنا ما اسم البرنامج؟
 
للمشاركة:
- تابع حساب بنك الإمارات دبي الوطني
- قم بالإشارة إلى 3 من أصدقائك
- اكتب إجابتك في التعليقات أدناه لفرصة الفوز 10,000

Um Khammas ran out of cash before the month ended.

A simple rule can help her stay on track:
50% for needs
30% for wants
20% for savings

A smart plan that helps you spend, save and stay in control.

This is one of the many tips that the bank’s programme has in store.
Watch the episode and tell us the name of the programme?

To participate:
- Follow Emirates NBD
- Tag 3 friends
- Drop your answer below for a chance to win AED 10,000","نفذت أموال أم خماس قبل نهاية الشهر.
 
هناك قاعدة بسيطة تُساعدها على إدارة أموالها بحكمة:
%50 للاحتياجات الأساسية
%30 للكماليات
%20 للادخار
 
خطة ذكية تمكّنك من الإنفاق والادخار والحفاظ على التحكم في ميزانيتك. هذه واحدة من العديد من النصائح التي يقدّمها لك برنامج البنك.

شاهد الحلقة وأخبرنا ما اسم البرنامج؟
 
للمشاركة:
- تابع حساب بنك الإمارات دبي الوطني
- قم بالإشارة إلى 3 من أصدقائك
- اكتب إجابتك في التعليقات أدناه لفرصة الفوز 10,000

Um Khammas ran out of cash before the month ended.

A simple rule can help her stay on track:
50% for needs
30% for wants
20% for savings

A smart plan that helps you spend, save and stay in control.

This is one of the many tips that the bank’s programme has in store.
Watch the episode and tell us the name of the programme?

To participate:
- Follow Emirates NBD
- Tag 3 friends
- Drop your answer below for a chance to win AED 10,000"
2037789707321622955,https://x.com/SelmaRomola/status/2037789707321622955,https://x.com/SelmaRomola,SelmaRomola,Selma Romola,https://pbs.twimg.com/profile_images/1118152018995105792/5fyZOTth_bigger.jpg,,"اجعل مفاجآت العيد أكثر قيمة.
من الفضة إلى الذهب، اكتشف طريقة أذكى لامتلاك أو إهداء شيء ثمين بحق.
شاهد هذه الحلقة وأخبرنا:
كيف يمكنك شراء الذهب والفضه من البنك؟

للمشاركة:
تابع حساب بنك الإمارات دبي الوطني 
قم بالإشارة إلى 3 من أصدقائك
اكتب إجابتك في التعليقات أدناه لفرصة ربح 10,000 درهم","To buy gold and silver through Emirates NBD, the fastest way is using the ENBD X mobile app. 

Tagging 
<a href=""/FazilAnas"" title=""Tosifmuhammad 🇦🇪"">@FazilAnas</a> 
<a href=""/Emy191990"" title=""Eman Mohamed"">@Emy191990</a> 
<a href=""/Bushrasabih2"" title=""Bu_shaikh🌸❤️"">@Bushrasabih2</a>",False,,['EmiratesNBD_AE'],20h,"Mar 28, 2026 · 7:11 AM UTC",2026-03-28T07:11:00Z,,"['https://x.com/FazilAnas', 'https://x.com/Emy191990', 'https://x.com/Bushrasabih2']",0.0,0.0,0.0,9.0,ENBD,"To buy gold and silver through Emirates NBD, the fastest way is using the ENBD X mobile app. 

Tagging 
@FazilAnas 
@Emy191990 
@Bushrasabih2",https://x.com/SelmaRomola/status/2037789707321622955,"اجعل مفاجآت العيد أكثر قيمة.
من الفضة إلى الذهب، اكتشف طريقة أذكى لامتلاك أو إهداء شيء ثمين بحق.
شاهد هذه الحلقة وأخبرنا:
كيف يمكنك شراء الذهب والفضه من البنك؟

للمشاركة:
تابع حساب بنك الإمارات دبي الوطني 
قم بالإشارة إلى 3 من أصدقائك
اكتب إجابتك في التعليقات أدناه لفرصة ربح 10,000 درهم","اجعل مفاجآت العيد أكثر قيمة.
من الفضة إلى الذهب، اكتشف طريقة أذكى لامتلاك أو إهداء شيء ثمين بحق.
شاهد هذه الحلقة وأخبرنا:
كيف يمكنك شراء الذهب والفضه من البنك؟

للمشاركة:
تابع حساب بنك الإمارات دبي الوطني 
قم بالإشارة إلى 3 من أصدقائك
اكتب إجابتك في التعليقات أدناه لفرصة ربح 10,000 درهم"
2037789510478843981,https://x.com/SelmaRomola/status/2037789510478843981,https://x.com/SelmaRomola,SelmaRomola,Selma Romola,https://pbs.twimg.com/profile_images/1118152018995105792/5fyZOTth_bigger.jpg,,"@EmiratesNBD_AE To buy gold and silver through Emirates NBD, the fastest way is using the ENBD X mobile app. 

Tagging 
@Sosomostafa729S 
@Nur_Munem 
@yasar8212","To buy gold and silver through Emirates NBD, the fastest way is using the ENBD X mobile app. 

Tagging 
<a href=""/Sosomostafa729S"" title=""Soha.mostafa77"">@Sosomostafa729S</a> 
<a href=""/Nur_Munem"" title=""نـــور مُــنعم 🇦🇪"">@Nur_Munem</a> 
<a href=""/yasar8212"" title=""shaniyadu"">@yasar8212</a>",False,,['EmiratesNBD_AE'],20h,"Mar 28, 2026 · 7:10 AM UTC",2026-03-28T07:10:00Z,,"['https://x.com/Sosomostafa729S', 'https://x.com/Nur_Munem', 'https://x.com/yasar8212']",0.0,0.0,0.0,7.0,ENBD,"To buy gold and silver through Emirates NBD, the fastest way is using the ENBD X mobile app. 

Tagging 
@Sosomostafa729S 
@Nur_Munem 
@yasar8212",https://x.com/SelmaRomola/status/2037789510478843981,"@EmiratesNBD_AE To buy gold and silver through Emirates NBD, the fastest way is using the ENBD X mobile app. 

Tagging 
@Sosomostafa729S 
@Nur_Munem 
@yasar8212","@EmiratesNBD_AE To buy gold and silver through Emirates NBD, the fastest way is using the ENBD X mobile app. 

Tagging 
@Sosomostafa729S 
@Nur_Munem 
@yasar8212"
2037788447910564341,https://x.com/SelmaRomola/status/2037788447910564341,https://x.com/SelmaRomola,SelmaRomola,Selma Romola,https://pbs.twimg.com/profile_images/1118152018995105792/5fyZOTth_bigger.jpg,,"Make Eid surprises even more valuable.
From silver to gold, discover a smarter way to own or gift something truly precious.
Watch this episode and tell us:
How can you buy gold and silver from the bank?

To participate:
Follow Emirates NBD
Tag 3 friends
Drop your answer below for a chance to win AED 10,000","To buy gold and silver through Emirates NBD, the fastest way is using the ENBD X mobile app. 

Tagging 
<a href=""/Bushrasabih2"" title=""Bu_shaikh🌸❤️"">@Bushrasabih2</a> 
<a href=""/AmalBeevi"" title=""Amal Beevi"">@AmalBeevi</a> 
<a href=""/Sosomostafa729S"" title=""Soha.mostafa77"">@Sosomostafa729S</a>",False,,['EmiratesNBD_AE'],20h,"Mar 28, 2026 · 7:06 AM UTC",2026-03-28T07:06:00Z,,"['https://x.com/Bushrasabih2', 'https://x.com/AmalBeevi', 'https://x.com/Sosomostafa729S']",0.0,0.0,0.0,9.0,ENBD,"To buy gold and silver through Emirates NBD, the fastest way is using the ENBD X mobile app. 

Tagging 
@Bushrasabih2 
@AmalBeevi 
@Sosomostafa729S",https://x.com/SelmaRomola/status/2037788447910564341,"Make Eid surprises even more valuable.
From silver to gold, discover a smarter way to own or gift something truly precious.
Watch this episode and tell us:
How can you buy gold and silver from the bank?

To participate:
Follow Emirates NBD
Tag 3 friends
Drop your answer below for a chance to win AED 10,000","Make Eid surprises even more valuable.
From silver to gold, discover a smarter way to own or gift something truly precious.
Watch this episode and tell us:
How can you buy gold and silver from the bank?

To participate:
Follow Emirates NBD
Tag 3 friends
Drop your answer below for a chance to win AED 10,000"
2037785874474430532,https://x.com/ZaibKang/status/2037785874474430532,https://x.com/ZaibKang,ZaibKang,Jahan Zaib Akbar Kang,https://pbs.twimg.com/profile_images/2028644994790436864/h-Avrj3s_bigger.jpg,,"I applied for liv X account Still not received any response 

Reference number 
2026038379331830","I applied for liv X account Still not received any response 

Reference number 
2026038379331830",False,,['EmiratesNBD_AE'],21h,"Mar 28, 2026 · 6:56 AM UTC",2026-03-28T06:56:00Z,,,1.0,0.0,0.0,29.0,ENBD,"I applied for liv X account Still not received any response 

Reference number 
2026038379331830",,,"I applied for liv X account Still not received any response 

Reference number 
2026038379331830"
2037785071189671937,https://x.com/ZaibKang/status/2037785071189671937,https://x.com/ZaibKang,ZaibKang,Jahan Zaib Akbar Kang,https://pbs.twimg.com/profile_images/2028644994790436864/h-Avrj3s_bigger.jpg,,@EmiratesNBD_AE @EmiratesNBD_AE I applied for liv X account 3 days ago still not received any response please Check and respond as soon as possible https://t.co/LXfxy0AGqW,"<a href=""/EmiratesNBD_AE"" title=""Emirates NBD"">@EmiratesNBD_AE</a> I applied for liv X account 3 days ago still not received any response please Check and respond as soon as possible",False,,['EmiratesNBD_AE'],21h,"Mar 28, 2026 · 6:53 AM UTC",2026-03-28T06:53:00Z,,['https://x.com/EmiratesNBD_AE'],0.0,0.0,0.0,13.0,ENBD,@EmiratesNBD_AE I applied for liv X account 3 days ago still not received any response please Check and respond as soon as possible,https://x.com/ZaibKang/status/2037785071189671937,@EmiratesNBD_AE @EmiratesNBD_AE I applied for liv X account 3 days ago still not received any response please Check and respond as soon as possible https://t.co/LXfxy0AGqW,@EmiratesNBD_AE @EmiratesNBD_AE I applied for liv X account 3 days ago still not received any response please Check and respond as soon as possible https://t.co/LXfxy0AGqW
2037784853866029145,https://x.com/Sosomostafa729S/status/2037784853866029145,https://x.com/Sosomostafa729S,Sosomostafa729S,Soha.mostafa77,https://pbs.twimg.com/profile_images/2034153587794972677/yhnd0_Le_bigger.jpg,,"حل اللغز واربح 10,000 درهم.💰
أم علاوي تعبت من مشاكل السيارة، ومستعدة لسيارة جديدة بفضل قرض السيارات السريع من بنك الإمارات دبي الوطني، من خلال طلب سهل وسريع عبر الإنترنت.

تابع @EmiratesNBD_ae
قم بالإشارة إلى 3 من أصدقائك
حل اللغز لفرصة الفوز بـ 10 آلاف درهم. https://t.co/NBQE3PzfgZ","B- 1.89% <a href=""/zeynp_qas"" title=""zeynab kasem"">@zeynp_qas</a> <a href=""/Salma2232019"" title=""Salma"">@Salma2232019</a> <a href=""/semeet"" title=""seema shelat"">@semeet</a> 🌿🇦🇪❤️",False,,['EmiratesNBD_AE'],21h,"Mar 28, 2026 · 6:52 AM UTC",2026-03-28T06:52:00Z,,"['https://x.com/zeynp_qas', 'https://x.com/Salma2232019', 'https://x.com/semeet']",0.0,0.0,0.0,4.0,ENBD,B- 1.89% @zeynp_qas @Salma2232019 @semeet 🌿🇦🇪❤️,https://x.com/Sosomostafa729S/status/2037784853866029145,"حل اللغز واربح 10,000 درهم.💰
أم علاوي تعبت من مشاكل السيارة، ومستعدة لسيارة جديدة بفضل قرض السيارات السريع من بنك الإمارات دبي الوطني، من خلال طلب سهل وسريع عبر الإنترنت.

تابع @EmiratesNBD_ae
قم بالإشارة إلى 3 من أصدقائك
حل اللغز لفرصة الفوز بـ 10 آلاف درهم. https://t.co/NBQE3PzfgZ","حل اللغز واربح 10,000 درهم.💰
أم علاوي تعبت من مشاكل السيارة، ومستعدة لسيارة جديدة بفضل قرض السيارات السريع من بنك الإمارات دبي الوطني، من خلال طلب سهل وسريع عبر الإنترنت.

تابع @EmiratesNBD_ae
قم بالإشارة إلى 3 من أصدقائك
حل اللغز لفرصة الفوز بـ 10 آلاف درهم. https://t.co/NBQE3PzfgZ"
2037784763122217375,https://x.com/Sosomostafa729S/status/2037784763122217375,https://x.com/Sosomostafa729S,Sosomostafa729S,Soha.mostafa77,https://pbs.twimg.com/profile_images/2034153587794972677/yhnd0_Le_bigger.jpg,,@EmiratesNBD_AE B- 1.89% @semeet @Salma2232019 @SelmaRomola 🌿🇦🇪❤️,"B- 1.89% <a href=""/semeet"" title=""seema shelat"">@semeet</a> <a href=""/Salma2232019"" title=""Salma"">@Salma2232019</a> <a href=""/SelmaRomola"" title=""Selma Romola"">@SelmaRomola</a> 🌿🇦🇪❤️",False,,['EmiratesNBD_AE'],21h,"Mar 28, 2026 · 6:52 AM UTC",2026-03-28T06:52:00Z,,"['https://x.com/semeet', 'https://x.com/Salma2232019', 'https://x.com/SelmaRomola']",0.0,0.0,0.0,6.0,ENBD,B- 1.89% @semeet @Salma2232019 @SelmaRomola 🌿🇦🇪❤️,https://x.com/Sosomostafa729S/status/2037784763122217375,@EmiratesNBD_AE B- 1.89% @semeet @Salma2232019 @SelmaRomola 🌿🇦🇪❤️,@EmiratesNBD_AE B- 1.89% @semeet @Salma2232019 @SelmaRomola 🌿🇦🇪❤️
2037784668028985459,https://x.com/Sosomostafa729S/status/2037784668028985459,https://x.com/Sosomostafa729S,Sosomostafa729S,Soha.mostafa77,https://pbs.twimg.com/profile_images/2034153587794972677/yhnd0_Le_bigger.jpg,,@EmiratesNBD_AE B- 1.89% @Emy191990 @ibushra_03 @parulghalout 🌿🇦🇪❤️,"B- 1.89% <a href=""/Emy191990"" title=""Eman Mohamed"">@Emy191990</a> <a href=""/ibushra_03"" title=""Bushra Muhammad 🇦🇪"">@ibushra_03</a> <a href=""/parulghalout"" title=""parul ghalout"">@parulghalout</a> 🌿🇦🇪❤️",False,,['EmiratesNBD_AE'],21h,"Mar 28, 2026 · 6:51 AM UTC",2026-03-28T06:51:00Z,,"['https://x.com/Emy191990', 'https://x.com/ibushra_03', 'https://x.com/parulghalout']",0.0,0.0,0.0,4.0,ENBD,B- 1.89% @Emy191990 @ibushra_03 @parulghalout 🌿🇦🇪❤️,https://x.com/Sosomostafa729S/status/2037784668028985459,@EmiratesNBD_AE B- 1.89% @Emy191990 @ibushra_03 @parulghalout 🌿🇦🇪❤️,@EmiratesNBD_AE B- 1.89% @Emy191990 @ibushra_03 @parulghalout 🌿🇦🇪❤️
2037784498885243377,https://x.com/Sosomostafa729S/status/2037784498885243377,https://x.com/Sosomostafa729S,Sosomostafa729S,Soha.mostafa77,https://pbs.twimg.com/profile_images/2034153587794972677/yhnd0_Le_bigger.jpg,,"حلّ فزورة رمضان واربح 10,000 درهم.

من توزيع الوجبات، إلى دعم العاملين وقضاء الوقت مع كبار المواطنين، يجمع برنامج واحد كل ذلك تحت مظلًة واحدة.

ما اسم هذا البرنامج؟

للمشاركة:
1.تابع حساب بنك الإمارات دبي الوطني
2.قم بالإشارة إلى 3 من أصدقائك
3.اكتب إجابتك في التعليقات أدناه https://t.co/aADoQF5a2E","Exchanger volunteer program 
<a href=""/semeet"" title=""seema shelat"">@semeet</a> <a href=""/Emy191990"" title=""Eman Mohamed"">@Emy191990</a> <a href=""/ibushra_03"" title=""Bushra Muhammad 🇦🇪"">@ibushra_03</a> 🌿🇦🇪❤️",False,,['EmiratesNBD_AE'],21h,"Mar 28, 2026 · 6:50 AM UTC",2026-03-28T06:50:00Z,,"['https://x.com/semeet', 'https://x.com/Emy191990', 'https://x.com/ibushra_03']",0.0,0.0,0.0,5.0,ENBD,"Exchanger volunteer program 
@semeet @Emy191990 @ibushra_03 🌿🇦🇪❤️",https://x.com/Sosomostafa729S/status/2037784498885243377,"حلّ فزورة رمضان واربح 10,000 درهم.

من توزيع الوجبات، إلى دعم العاملين وقضاء الوقت مع كبار المواطنين، يجمع برنامج واحد كل ذلك تحت مظلًة واحدة.

ما اسم هذا البرنامج؟

للمشاركة:
1.تابع حساب بنك الإمارات دبي الوطني
2.قم بالإشارة إلى 3 من أصدقائك
3.اكتب إجابتك في التعليقات أدناه https://t.co/aADoQF5a2E","حلّ فزورة رمضان واربح 10,000 درهم.

من توزيع الوجبات، إلى دعم العاملين وقضاء الوقت مع كبار المواطنين، يجمع برنامج واحد كل ذلك تحت مظلًة واحدة.

ما اسم هذا البرنامج؟

للمشاركة:
1.تابع حساب بنك الإمارات دبي الوطني
2.قم بالإشارة إلى 3 من أصدقائك
3.اكتب إجابتك في التعليقات أدناه https://t.co/aADoQF5a2E"
2037784405700419683,https://x.com/Sosomostafa729S/status/2037784405700419683,https://x.com/Sosomostafa729S,Sosomostafa729S,Soha.mostafa77,https://pbs.twimg.com/profile_images/2034153587794972677/yhnd0_Le_bigger.jpg,,@EmiratesNBD_AE Exchanger volunteer program @semeet @zeynp_qas @SelmaRomola 🌿🇦🇪❤️,"Exchanger volunteer program <a href=""/semeet"" title=""seema shelat"">@semeet</a> <a href=""/zeynp_qas"" title=""zeynab kasem"">@zeynp_qas</a> <a href=""/SelmaRomola"" title=""Selma Romola"">@SelmaRomola</a> 🌿🇦🇪❤️",False,,['EmiratesNBD_AE'],21h,"Mar 28, 2026 · 6:50 AM UTC",2026-03-28T06:50:00Z,,"['https://x.com/semeet', 'https://x.com/zeynp_qas', 'https://x.com/SelmaRomola']",0.0,0.0,0.0,5.0,ENBD,Exchanger volunteer program @semeet @zeynp_qas @SelmaRomola 🌿🇦🇪❤️,https://x.com/Sosomostafa729S/status/2037784405700419683,@EmiratesNBD_AE Exchanger volunteer program @semeet @zeynp_qas @SelmaRomola 🌿🇦🇪❤️,@EmiratesNBD_AE Exchanger volunteer program @semeet @zeynp_qas @SelmaRomola 🌿🇦🇪❤️
2037784344333275440,https://x.com/EmiratesNBD_AE/status/2037784344333275440,https://x.com/EmiratesNBD_AE,EmiratesNBD_AE,Emirates NBD,https://pbs.twimg.com/profile_images/1762427651271110656/jOUBidn8_bigger.jpg,,"Before clicking a link, what do you do?

Stay Safe, Stay Vigilant. #UnitedAgainstFraud

emiratesnbd.com/en/campaigns…","Before clicking a link, what do you do?

Stay Safe, Stay Vigilant. <a href=""/search?f=tweets&amp;q=%23UnitedAgainstFraud"">#UnitedAgainstFraud</a>

<a href=""https://www.emiratesnbd.com/en/campaigns/united-against-fraud"">emiratesnbd.com/en/campaigns…</a>",False,,,21h,"Mar 28, 2026 · 6:50 AM UTC",2026-03-28T06:50:00Z,,"['https://x.com/search?f=tweets&q=%23UnitedAgainstFraud', 'https://www.emiratesnbd.com/en/campaigns/united-against-fraud']",3.0,0.0,3.0,517.0,ENBD,"Before clicking a link, what do you do?

Stay Safe, Stay Vigilant. #UnitedAgainstFraud

emiratesnbd.com/en/campaigns…",,,"Before clicking a link, what do you do?

Stay Safe, Stay Vigilant. #UnitedAgainstFraud

emiratesnbd.com/en/campaigns…"
2037784337337532619,https://x.com/Sosomostafa729S/status/2037784337337532619,https://x.com/Sosomostafa729S,Sosomostafa729S,Soha.mostafa77,https://pbs.twimg.com/profile_images/2034153587794972677/yhnd0_Le_bigger.jpg,,@EmiratesNBD_AE Exchanger volunteer program @Emy191990 @ibushra_03 @parulghalout 🌿🇦🇪❤️,"Exchanger volunteer program <a href=""/Emy191990"" title=""Eman Mohamed"">@Emy191990</a> <a href=""/ibushra_03"" title=""Bushra Muhammad 🇦🇪"">@ibushra_03</a> <a href=""/parulghalout"" title=""parul ghalout"">@parulghalout</a> 🌿🇦🇪❤️",False,,['EmiratesNBD_AE'],21h,"Mar 28, 2026 · 6:50 AM UTC",2026-03-28T06:50:00Z,,"['https://x.com/Emy191990', 'https://x.com/ibushra_03', 'https://x.com/parulghalout']",0.0,0.0,0.0,5.0,ENBD,Exchanger volunteer program @Emy191990 @ibushra_03 @parulghalout 🌿🇦🇪❤️,https://x.com/Sosomostafa729S/status/2037784337337532619,@EmiratesNBD_AE Exchanger volunteer program @Emy191990 @ibushra_03 @parulghalout 🌿🇦🇪❤️,@EmiratesNBD_AE Exchanger volunteer program @Emy191990 @ibushra_03 @parulghalout 🌿🇦🇪❤️
2037784225022365938,https://x.com/Sosomostafa729S/status/2037784225022365938,https://x.com/Sosomostafa729S,Sosomostafa729S,Soha.mostafa77,https://pbs.twimg.com/profile_images/2034153587794972677/yhnd0_Le_bigger.jpg,,@EmiratesNBD_AE Exchanger volunteer program @semeet @parulghalout @Salma2232019 🌿🇦🇪❤️,"Exchanger volunteer program <a href=""/semeet"" title=""seema shelat"">@semeet</a> <a href=""/parulghalout"" title=""parul ghalout"">@parulghalout</a> <a href=""/Salma2232019"" title=""Salma"">@Salma2232019</a> 🌿🇦🇪❤️",False,,['EmiratesNBD_AE'],21h,"Mar 28, 2026 · 6:49 AM UTC",2026-03-28T06:49:00Z,,"['https://x.com/semeet', 'https://x.com/parulghalout', 'https://x.com/Salma2232019']",0.0,0.0,0.0,5.0,ENBD,Exchanger volunteer program @semeet @parulghalout @Salma2232019 🌿🇦🇪❤️,https://x.com/Sosomostafa729S/status/2037784225022365938,@EmiratesNBD_AE Exchanger volunteer program @semeet @parulghalout @Salma2232019 🌿🇦🇪❤️,@EmiratesNBD_AE Exchanger volunteer program @semeet @parulghalout @Salma2232019 🌿🇦🇪❤️
2037784141006344295,https://x.com/Sosomostafa729S/status/2037784141006344295,https://x.com/Sosomostafa729S,Sosomostafa729S,Soha.mostafa77,https://pbs.twimg.com/profile_images/2034153587794972677/yhnd0_Le_bigger.jpg,,@EmiratesNBD_AE Exchanger volunteer program @semeet @Salma2232019 @ibushra_03 🌿🇦🇪❤️,"Exchanger volunteer program <a href=""/semeet"" title=""seema shelat"">@semeet</a> <a href=""/Salma2232019"" title=""Salma"">@Salma2232019</a> <a href=""/ibushra_03"" title=""Bushra Muhammad 🇦🇪"">@ibushra_03</a> 🌿🇦🇪❤️",False,,['EmiratesNBD_AE'],21h,"Mar 28, 2026 · 6:49 AM UTC",2026-03-28T06:49:00Z,,"['https://x.com/semeet', 'https://x.com/Salma2232019', 'https://x.com/ibushra_03']",0.0,0.0,0.0,6.0,ENBD,Exchanger volunteer program @semeet @Salma2232019 @ibushra_03 🌿🇦🇪❤️,https://x.com/Sosomostafa729S/status/2037784141006344295,@EmiratesNBD_AE Exchanger volunteer program @semeet @Salma2232019 @ibushra_03 🌿🇦🇪❤️,@EmiratesNBD_AE Exchanger volunteer program @semeet @Salma2232019 @ibushra_03 🌿🇦🇪❤️
2037784038774317555,https://x.com/Sosomostafa729S/status/2037784038774317555,https://x.com/Sosomostafa729S,Sosomostafa729S,Soha.mostafa77,https://pbs.twimg.com/profile_images/2034153587794972677/yhnd0_Le_bigger.jpg,,"@EmiratesNBD_AE Exchanger volunteer program 
@Emy191990 @ibushra_03 @parulghalout 🌿🇦🇪❤️","Exchanger volunteer program 
<a href=""/Emy191990"" title=""Eman Mohamed"">@Emy191990</a> <a href=""/ibushra_03"" title=""Bushra Muhammad 🇦🇪"">@ibushra_03</a> <a href=""/parulghalout"" title=""parul ghalout"">@parulghalout</a> 🌿🇦🇪❤️",False,,['EmiratesNBD_AE'],21h,"Mar 28, 2026 · 6:49 AM UTC",2026-03-28T06:49:00Z,,"['https://x.com/Emy191990', 'https://x.com/ibushra_03', 'https://x.com/parulghalout']",0.0,0.0,0.0,5.0,ENBD,"Exchanger volunteer program 
@Emy191990 @ibushra_03 @parulghalout 🌿🇦🇪❤️",https://x.com/Sosomostafa729S/status/2037784038774317555,"@EmiratesNBD_AE Exchanger volunteer program 
@Emy191990 @ibushra_03 @parulghalout 🌿🇦🇪❤️","@EmiratesNBD_AE Exchanger volunteer program 
@Emy191990 @ibushra_03 @parulghalout 🌿🇦🇪❤️"
2037783859769876728,https://x.com/Sosomostafa729S/status/2037783859769876728,https://x.com/Sosomostafa729S,Sosomostafa729S,Soha.mostafa77,https://pbs.twimg.com/profile_images/2034153587794972677/yhnd0_Le_bigger.jpg,,@EmiratesNBD_AE FINWELL ( Financial Well-being program) with Emirates NBD @semeet @zeynp_qas @Emy191990 🌿🇦🇪❤️,"FINWELL ( Financial Well-being program) with Emirates NBD <a href=""/semeet"" title=""seema shelat"">@semeet</a> <a href=""/zeynp_qas"" title=""zeynab kasem"">@zeynp_qas</a> <a href=""/Emy191990"" title=""Eman Mohamed"">@Emy191990</a> 🌿🇦🇪❤️",False,,['EmiratesNBD_AE'],21h,"Mar 28, 2026 · 6:48 AM UTC",2026-03-28T06:48:00Z,,"['https://x.com/semeet', 'https://x.com/zeynp_qas', 'https://x.com/Emy191990']",0.0,0.0,0.0,6.0,ENBD,FINWELL ( Financial Well-being program) with Emirates NBD @semeet @zeynp_qas @Emy191990 🌿🇦🇪❤️,https://x.com/Sosomostafa729S/status/2037783859769876728,@EmiratesNBD_AE FINWELL ( Financial Well-being program) with Emirates NBD @semeet @zeynp_qas @Emy191990 🌿🇦🇪❤️,@EmiratesNBD_AE FINWELL ( Financial Well-being program) with Emirates NBD @semeet @zeynp_qas @Emy191990 🌿🇦🇪❤️
2037783775896313876,https://x.com/Sosomostafa729S/status/2037783775896313876,https://x.com/Sosomostafa729S,Sosomostafa729S,Soha.mostafa77,https://pbs.twimg.com/profile_images/2034153587794972677/yhnd0_Le_bigger.jpg,,@EmiratesNBD_AE FINWELL ( Financial Well-being program) with Emirates NBD @SelmaRomola @Emy191990 @parulghalout 🌿🇦🇪❤️,"FINWELL ( Financial Well-being program) with Emirates NBD <a href=""/SelmaRomola"" title=""Selma Romola"">@SelmaRomola</a> <a href=""/Emy191990"" title=""Eman Mohamed"">@Emy191990</a> <a href=""/parulghalout"" title=""parul ghalout"">@parulghalout</a> 🌿🇦🇪❤️",False,,['EmiratesNBD_AE'],21h,"Mar 28, 2026 · 6:48 AM UTC",2026-03-28T06:48:00Z,,"['https://x.com/SelmaRomola', 'https://x.com/Emy191990', 'https://x.com/parulghalout']",0.0,0.0,0.0,6.0,ENBD,FINWELL ( Financial Well-being program) with Emirates NBD @SelmaRomola @Emy191990 @parulghalout 🌿🇦🇪❤️,https://x.com/Sosomostafa729S/status/2037783775896313876,@EmiratesNBD_AE FINWELL ( Financial Well-being program) with Emirates NBD @SelmaRomola @Emy191990 @parulghalout 🌿🇦🇪❤️,@EmiratesNBD_AE FINWELL ( Financial Well-being program) with Emirates NBD @SelmaRomola @Emy191990 @parulghalout 🌿🇦🇪❤️
2037783673144230370,https://x.com/Sosomostafa729S/status/2037783673144230370,https://x.com/Sosomostafa729S,Sosomostafa729S,Soha.mostafa77,https://pbs.twimg.com/profile_images/2034153587794972677/yhnd0_Le_bigger.jpg,,"@EmiratesNBD_AE FINWELL ( Financial Well-being program) with Emirates NBD 
@Emy191990 @ibushra_03 @SelmaRomola 🌿🇦🇪❤️","FINWELL ( Financial Well-being program) with Emirates NBD 
<a href=""/Emy191990"" title=""Eman Mohamed"">@Emy191990</a> <a href=""/ibushra_03"" title=""Bushra Muhammad 🇦🇪"">@ibushra_03</a> <a href=""/SelmaRomola"" title=""Selma Romola"">@SelmaRomola</a> 🌿🇦🇪❤️",False,,['EmiratesNBD_AE'],21h,"Mar 28, 2026 · 6:47 AM UTC",2026-03-28T06:47:00Z,,"['https://x.com/Emy191990', 'https://x.com/ibushra_03', 'https://x.com/SelmaRomola']",0.0,0.0,0.0,6.0,ENBD,"FINWELL ( Financial Well-being program) with Emirates NBD 
@Emy191990 @ibushra_03 @SelmaRomola 🌿🇦🇪❤️",https://x.com/Sosomostafa729S/status/2037783673144230370,"@EmiratesNBD_AE FINWELL ( Financial Well-being program) with Emirates NBD 
@Emy191990 @ibushra_03 @SelmaRomola 🌿🇦🇪❤️","@EmiratesNBD_AE FINWELL ( Financial Well-being program) with Emirates NBD 
@Emy191990 @ibushra_03 @SelmaRomola 🌿🇦🇪❤️"
2037783477979091314,https://x.com/Sosomostafa729S/status/2037783477979091314,https://x.com/Sosomostafa729S,Sosomostafa729S,Soha.mostafa77,https://pbs.twimg.com/profile_images/2034153587794972677/yhnd0_Le_bigger.jpg,,@EmiratesNBD_AE Through ENBD X Mobile Banking's App @parulghalout @semeet @Emy191990 🌿🇦🇪❤️,"Through ENBD X Mobile Banking&#39;s App <a href=""/parulghalout"" title=""parul ghalout"">@parulghalout</a> <a href=""/semeet"" title=""seema shelat"">@semeet</a> <a href=""/Emy191990"" title=""Eman Mohamed"">@Emy191990</a> 🌿🇦🇪❤️",False,,['EmiratesNBD_AE'],21h,"Mar 28, 2026 · 6:46 AM UTC",2026-03-28T06:46:00Z,,"['https://x.com/parulghalout', 'https://x.com/semeet', 'https://x.com/Emy191990']",0.0,0.0,0.0,5.0,ENBD,Through ENBD X Mobile Banking's App @parulghalout @semeet @Emy191990 🌿🇦🇪❤️,https://x.com/Sosomostafa729S/status/2037783477979091314,@EmiratesNBD_AE Through ENBD X Mobile Banking's App @parulghalout @semeet @Emy191990 🌿🇦🇪❤️,@EmiratesNBD_AE Through ENBD X Mobile Banking's App @parulghalout @semeet @Emy191990 🌿🇦🇪❤️
2037783402758508685,https://x.com/Sosomostafa729S/status/2037783402758508685,https://x.com/Sosomostafa729S,Sosomostafa729S,Soha.mostafa77,https://pbs.twimg.com/profile_images/2034153587794972677/yhnd0_Le_bigger.jpg,,@EmiratesNBD_AE Through ENBD X Mobile Banking's App @zeynp_qas @SelmaRomola @Salma2232019 🌿🇦🇪❤️,"Through ENBD X Mobile Banking&#39;s App <a href=""/zeynp_qas"" title=""zeynab kasem"">@zeynp_qas</a> <a href=""/SelmaRomola"" title=""Selma Romola"">@SelmaRomola</a> <a href=""/Salma2232019"" title=""Salma"">@Salma2232019</a> 🌿🇦🇪❤️",False,,['EmiratesNBD_AE'],21h,"Mar 28, 2026 · 6:46 AM UTC",2026-03-28T06:46:00Z,,"['https://x.com/zeynp_qas', 'https://x.com/SelmaRomola', 'https://x.com/Salma2232019']",0.0,0.0,0.0,8.0,ENBD,Through ENBD X Mobile Banking's App @zeynp_qas @SelmaRomola @Salma2232019 🌿🇦🇪❤️,https://x.com/Sosomostafa729S/status/2037783402758508685,@EmiratesNBD_AE Through ENBD X Mobile Banking's App @zeynp_qas @SelmaRomola @Salma2232019 🌿🇦🇪❤️,@EmiratesNBD_AE Through ENBD X Mobile Banking's App @zeynp_qas @SelmaRomola @Salma2232019 🌿🇦🇪❤️
2037783335389540775,https://x.com/Sosomostafa729S/status/2037783335389540775,https://x.com/Sosomostafa729S,Sosomostafa729S,Soha.mostafa77,https://pbs.twimg.com/profile_images/2034153587794972677/yhnd0_Le_bigger.jpg,,@EmiratesNBD_AE Through ENBD X Mobile Banking's App @Emy191990 @parulghalout @ibushra_03 🌿🇦🇪❤️,"Through ENBD X Mobile Banking&#39;s App <a href=""/Emy191990"" title=""Eman Mohamed"">@Emy191990</a> <a href=""/parulghalout"" title=""parul ghalout"">@parulghalout</a> <a href=""/ibushra_03"" title=""Bushra Muhammad 🇦🇪"">@ibushra_03</a> 🌿🇦🇪❤️",False,,['EmiratesNBD_AE'],21h,"Mar 28, 2026 · 6:46 AM UTC",2026-03-28T06:46:00Z,,"['https://x.com/Emy191990', 'https://x.com/parulghalout', 'https://x.com/ibushra_03']",0.0,0.0,0.0,4.0,ENBD,Through ENBD X Mobile Banking's App @Emy191990 @parulghalout @ibushra_03 🌿🇦🇪❤️,https://x.com/Sosomostafa729S/status/2037783335389540775,@EmiratesNBD_AE Through ENBD X Mobile Banking's App @Emy191990 @parulghalout @ibushra_03 🌿🇦🇪❤️,@EmiratesNBD_AE Through ENBD X Mobile Banking's App @Emy191990 @parulghalout @ibushra_03 🌿🇦🇪❤️
2037783125854679453,https://x.com/Sosomostafa729S/status/2037783125854679453,https://x.com/Sosomostafa729S,Sosomostafa729S,Soha.mostafa77,https://pbs.twimg.com/profile_images/2034153587794972677/yhnd0_Le_bigger.jpg,,@EmiratesNBD_AE Through ENBD X Mobile Banking's App @parulghalout @Salma2232019 @semeet 🌿🇦🇪❤️,"Through ENBD X Mobile Banking&#39;s App <a href=""/parulghalout"" title=""parul ghalout"">@parulghalout</a> <a href=""/Salma2232019"" title=""Salma"">@Salma2232019</a> <a href=""/semeet"" title=""seema shelat"">@semeet</a> 🌿🇦🇪❤️",False,,['EmiratesNBD_AE'],21h,"Mar 28, 2026 · 6:45 AM UTC",2026-03-28T06:45:00Z,,"['https://x.com/parulghalout', 'https://x.com/Salma2232019', 'https://x.com/semeet']",0.0,0.0,0.0,4.0,ENBD,Through ENBD X Mobile Banking's App @parulghalout @Salma2232019 @semeet 🌿🇦🇪❤️,https://x.com/Sosomostafa729S/status/2037783125854679453,@EmiratesNBD_AE Through ENBD X Mobile Banking's App @parulghalout @Salma2232019 @semeet 🌿🇦🇪❤️,@EmiratesNBD_AE Through ENBD X Mobile Banking's App @parulghalout @Salma2232019 @semeet 🌿🇦🇪❤️
2037783049065390446,https://x.com/Sosomostafa729S/status/2037783049065390446,https://x.com/Sosomostafa729S,Sosomostafa729S,Soha.mostafa77,https://pbs.twimg.com/profile_images/2034153587794972677/yhnd0_Le_bigger.jpg,,"@EmiratesNBD_AE Through ENBD X Mobile Banking's App 
@Emy191990 @ibushra_03 @semeet 🌿🇦🇪❤️","Through ENBD X Mobile Banking&#39;s App 
<a href=""/Emy191990"" title=""Eman Mohamed"">@Emy191990</a> <a href=""/ibushra_03"" title=""Bushra Muhammad 🇦🇪"">@ibushra_03</a> <a href=""/semeet"" title=""seema shelat"">@semeet</a> 🌿🇦🇪❤️",False,,['EmiratesNBD_AE'],21h,"Mar 28, 2026 · 6:45 AM UTC",2026-03-28T06:45:00Z,,"['https://x.com/Emy191990', 'https://x.com/ibushra_03', 'https://x.com/semeet']",0.0,0.0,0.0,5.0,ENBD,"Through ENBD X Mobile Banking's App 
@Emy191990 @ibushra_03 @semeet 🌿🇦🇪❤️",https://x.com/Sosomostafa729S/status/2037783049065390446,"@EmiratesNBD_AE Through ENBD X Mobile Banking's App 
@Emy191990 @ibushra_03 @semeet 🌿🇦🇪❤️","@EmiratesNBD_AE Through ENBD X Mobile Banking's App 
@Emy191990 @ibushra_03 @semeet 🌿🇦🇪❤️"
2037730056920088898,https://x.com/wil3020/status/2037730056920088898,https://x.com/wil3020,wil3020,wiil,https://pbs.twimg.com/profile_images/1939900695018106882/lxZGZx9Y_bigger.jpg,,"Stay safe and bank with ease with ENBD X and businessONLINE 

Visit https://t.co/0Z1tddYvqD https://t.co/l7XrKjfHOu",The UAE is no longer safe Continuous and comprehensive bombing of the UAE now,False,,['EmiratesNBD_AE'],Mar 28,"Mar 28, 2026 · 3:14 AM UTC",2026-03-28T03:14:00Z,,,0.0,0.0,0.0,33.0,ENBD,The UAE is no longer safe Continuous and comprehensive bombing of the UAE now,https://x.com/wil3020/status/2037730056920088898,"Stay safe and bank with ease with ENBD X and businessONLINE 

Visit https://t.co/0Z1tddYvqD https://t.co/l7XrKjfHOu","Stay safe and bank with ease with ENBD X and businessONLINE 

Visit https://t.co/0Z1tddYvqD https://t.co/l7XrKjfHOu"
