id,permalink,userUrl,author_name,fullname,avatar,verified,text,html,isRetweet,retweetedBy,replyingTo,relativeTime,displayTime,createdAt,images,links,comments,retweets,likes,Views,bank_ext,text_1,postUrl,replyText,text_v1,post,author_type,Sentiment,uae_time,ddmmyyyy,Bank,Bank_Name,post_highlights,Name_of_bank,year,replyingTo_clean,post_date,weekday_name
2038262791908250109,https://x.com/EmiratesNBD_EGY/status/2038262791908250109,https://x.com/EmiratesNBD_EGY,EmiratesNBD_EGY,Emirates NBD,https://pbs.twimg.com/profile_images/1762427526482108416/qjFPlJ1n_bigger.jpg,,"Plan your vacation now!
Get 5% off flights and 10% off hotels with Flyin when you pay with your Emirates NBD credit card using code: FAWRY

Offer valid until 30th of March 2026.

Terms and conditions apply.
Tax registration number: 204-897-319 https://t.co/RR0ArWOU9A","فيديو تعريفي عن «منحة علماء المستقبل»، التي أطلقها البنك المركزي المصري ووزارة التعليم العالي والبحث العلمي يتضمن (وصف المنحة ومزاياها، الفئات المستفيدة، شروط الحصول عليها، طريقة التبرع).

التبرع متاح عبر حساب 7070 في جميع البنوك المصرية أو من خلال تطبيق إنستاباي تحت مسمى &#34; منحة علماء المستقبل 7070&#34;.
اصنع مستقبل.. اصنع فرقًا يدوم.

<a href=""/search?f=tweets&amp;q=%23منحة_علماء_المستقبل"">#منحة_علماء_المستقبل</a> <a href=""/search?f=tweets&amp;q=%23البنك_المركزي_المصري"">#البنك_المركزي_المصري</a> <a href=""/search?f=tweets&amp;q=%23وزارة_التعليم_العالي"">#وزارة_التعليم_العالي</a> <a href=""/search?f=tweets&amp;q=%23دعم_المتفوقين"">#دعم_المتفوقين</a> <a href=""/search?f=tweets&amp;q=%23المسؤولية_المجتمعية"">#المسؤولية_المجتمعية</a>  <a href=""/search?f=tweets&amp;q=%23العلم_أساس_التنمية"">#العلم_أساس_التنمية</a>",False,,,49m,"Mar 29, 2026 · 2:31 PM UTC",2026-03-29 14:31:00,,"['https://x.com/search?f=tweets&q=%23منحة_علماء_المستقبل', 'https://x.com/search?f=tweets&q=%23البنك_المركزي_المصري', 'https://x.com/search?f=tweets&q=%23وزارة_التعليم_العالي', 'https://x.com/search?f=tweets&q=%23دعم_المتفوقين', 'https://x.com/search?f=tweets&q=%23المسؤولية_المجتمعية', 'https://x.com/search?f=tweets&q=%23العلم_أساس_التنمية']",0.0,0.0,0.0,57.0,ENBD,"فيديو تعريفي عن «منحة علماء المستقبل»، التي أطلقها البنك المركزي المصري ووزارة التعليم العالي والبحث العلمي يتضمن (وصف المنحة ومزاياها، الفئات المستفيدة، شروط الحصول عليها، طريقة التبرع).

التبرع متاح عبر حساب 7070 في جميع البنوك المصرية أو من خلال تطبيق إنستاباي تحت مسمى "" منحة علماء المستقبل 7070"".
اصنع مستقبل.. اصنع فرقًا يدوم.

#منحة_علماء_المستقبل #البنك_المركزي_المصري #وزارة_التعليم_العالي #دعم_المتفوقين #المسؤولية_المجتمعية  #العلم_أساس_التنمية",https://x.com/EmiratesNBD_EGY/status/2038262791908250109,"Plan your vacation now!
Get 5% off flights and 10% off hotels with Flyin when you pay with your Emirates NBD credit card using code: FAWRY

Offer valid until 30th of March 2026.

Terms and conditions apply.
Tax registration number: 204-897-319 https://t.co/RR0ArWOU9A","Plan your vacation now!
Get 5% off flights and 10% off hotels with Flyin when you pay with your Emirates NBD credit card using code: FAWRY

Offer valid until 30th of March 2026.

Terms and conditions apply.
Tax registration number: 204-897-319 https://t.co/RR0ArWOU9A",Plan your vacation now! Get 5% off flights and 10% off hotels with Flyin when you pay with your Emirates NBD credit card using code: FAWRY Offer valid until 30th of March 2026. Terms and conditions apply. Tax registration number: 204-897-319,Bank,Positive,2026-03-29 18:31:00,29-03-2026,ENBD,1. Emirates NBD Bank (ENBD),Get 5% off flights and 10% off hotels with Flyin when you pay with your Emirates NBD credit card using code: FAWRY Offer valid until 30th of March 2026. • Tax registration number: 204-897-319 • Terms and conditions apply.,Emirates NBD Bank (ENBD),2026,None,2026-03-29 18:31:00,Sunday
2038242857610260545,https://x.com/Salma2232019/status/2038242857610260545,https://x.com/Salma2232019,Salma2232019,Salma,https://pbs.twimg.com/profile_images/2005729084433629184/I5VH__16_bigger.jpg,,"نفذت أموال أم خماس قبل نهاية الشهر.
 
هناك قاعدة بسيطة تُساعدها على إدارة أموالها بحكمة:
%50 للاحتياجات الأساسية
%30 للكماليات
%20 للادخار
 
خطة ذكية تمكّنك من الإنفاق والادخار والحفاظ على التحكم في ميزانيتك. هذه واحدة من العديد من النصائح التي يقدّمها لك برنامج البنك.

شاهد الحلقة وأخبرنا ما اسم البرنامج؟
 
للمشاركة:
- تابع حساب بنك الإمارات دبي الوطني
- قم بالإشارة إلى 3 من أصدقائك
- اكتب إجابتك في التعليقات أدناه لفرصة الفوز 10,000

Um Khammas ran out of cash before the month ended.

A simple rule can help her stay on track:
50% for needs
30% for wants
20% for savings

A smart plan that helps you spend, save and stay in control.

This is one of the many tips that the bank’s programme has in store.
Watch the episode and tell us the name of the programme?

To participate:
- Follow Emirates NBD
- Tag 3 friends
- Drop your answer below for a chance to win AED 10,000","Finewell
(Financial Well-being program ) with Emirates NBD .
<a href=""/zeynp_qas"" title=""zeynab kasem"">@zeynp_qas</a> 
<a href=""/Sosomostafa729S"" title=""Soha.mostafa77"">@Sosomostafa729S</a> 
<a href=""/Emy191990"" title=""Eman Mohamed"">@Emy191990</a>",False,,['EmiratesNBD_AE'],2h,"Mar 29, 2026 · 1:12 PM UTC",2026-03-29 13:12:00,,"['https://x.com/zeynp_qas', 'https://x.com/Sosomostafa729S', 'https://x.com/Emy191990']",0.0,0.0,0.0,1.0,ENBD,"Finewell
(Financial Well-being program ) with Emirates NBD .
@zeynp_qas 
@Sosomostafa729S 
@Emy191990",https://x.com/Salma2232019/status/2038242857610260545,"نفذت أموال أم خماس قبل نهاية الشهر.
 
هناك قاعدة بسيطة تُساعدها على إدارة أموالها بحكمة:
%50 للاحتياجات الأساسية
%30 للكماليات
%20 للادخار
 
خطة ذكية تمكّنك من الإنفاق والادخار والحفاظ على التحكم في ميزانيتك. هذه واحدة من العديد من النصائح التي يقدّمها لك برنامج البنك.

شاهد الحلقة وأخبرنا ما اسم البرنامج؟
 
للمشاركة:
- تابع حساب بنك الإمارات دبي الوطني
- قم بالإشارة إلى 3 من أصدقائك
- اكتب إجابتك في التعليقات أدناه لفرصة الفوز 10,000

Um Khammas ran out of cash before the month ended.

A simple rule can help her stay on track:
50% for needs
30% for wants
20% for savings

A smart plan that helps you spend, save and stay in control.

This is one of the many tips that the bank’s programme has in store.
Watch the episode and tell us the name of the programme?

To participate:
- Follow Emirates NBD
- Tag 3 friends
- Drop your answer below for a chance to win AED 10,000","نفذت أموال أم خماس قبل نهاية الشهر.
 
هناك قاعدة بسيطة تُساعدها على إدارة أموالها بحكمة:
%50 للاحتياجات الأساسية
%30 للكماليات
%20 للادخار
 
خطة ذكية تمكّنك من الإنفاق والادخار والحفاظ على التحكم في ميزانيتك. هذه واحدة من العديد من النصائح التي يقدّمها لك برنامج البنك.

شاهد الحلقة وأخبرنا ما اسم البرنامج؟
 
للمشاركة:
- تابع حساب بنك الإمارات دبي الوطني
- قم بالإشارة إلى 3 من أصدقائك
- اكتب إجابتك في التعليقات أدناه لفرصة الفوز 10,000

Um Khammas ran out of cash before the month ended.

A simple rule can help her stay on track:
50% for needs
30% for wants
20% for savings

A smart plan that helps you spend, save and stay in control.

This is one of the many tips that the bank’s programme has in store.
Watch the episode and tell us the name of the programme?

To participate:
- Follow Emirates NBD
- Tag 3 friends
- Drop your answer below for a chance to win AED 10,000","Um Khammas ran out of cash before the month ended.

A simple rule can help her stay on track:
50% for needs
30% for wants
20% for savings

A smart plan that helps you spend, save, and stay in control.

This is one of the many tips that the bank’s program has in store.
Watch the episode and tell us the name of the program?

To participate:
- Follow Emirates NBD
- Tag 3 friends
- Drop your answer below for a chance to win AED 10,000",Cust,Positive,2026-03-29 17:12:00,29-03-2026,ENBD,1. Emirates NBD Bank (ENBD),"A simple rule can help her stay on track: 50% for needs 30% for wants 20% for savings A smart plan that helps you spend, save, and stay in control. • To participate: - Follow Emirates NBD - Tag 3 friends - Drop your answer below for a chance to win AED 10,000 • This is one of the many tips that the bank’s program has in store.",Emirates NBD Bank (ENBD),2026,EmiratesNBD_AE,2026-03-29 17:12:00,Sunday
2038241936247549971,https://x.com/Salma2232019/status/2038241936247549971,https://x.com/Salma2232019,Salma2232019,Salma,https://pbs.twimg.com/profile_images/2005729084433629184/I5VH__16_bigger.jpg,,"Via the ENBD X Mobile App
@Emy191990 
@Sosomostafa729S 
@zeynp_qas","Via the ENBD X Mobile App
<a href=""/Emy191990"" title=""Eman Mohamed"">@Emy191990</a> 
<a href=""/Sosomostafa729S"" title=""Soha.mostafa77"">@Sosomostafa729S</a> 
<a href=""/zeynp_qas"" title=""zeynab kasem"">@zeynp_qas</a>",False,,['EmiratesNBD_AE'],2h,"Mar 29, 2026 · 1:08 PM UTC",2026-03-29 13:08:00,,"['https://x.com/Emy191990', 'https://x.com/Sosomostafa729S', 'https://x.com/zeynp_qas']",0.0,0.0,0.0,0.0,ENBD,"Via the ENBD X Mobile App
@Emy191990 
@Sosomostafa729S 
@zeynp_qas",,,"Via the ENBD X Mobile App
@Emy191990 
@Sosomostafa729S 
@zeynp_qas",Through the ENBD X Mobile App,Cust,Neutral,2026-03-29 17:08:00,29-03-2026,ENBD,1. Emirates NBD Bank (ENBD),Through the ENBD X Mobile App,Emirates NBD Bank (ENBD),2026,EmiratesNBD_AE,2026-03-29 17:08:00,Sunday
2038241868757033339,https://x.com/Salma2232019/status/2038241868757033339,https://x.com/Salma2232019,Salma2232019,Salma,https://pbs.twimg.com/profile_images/2005729084433629184/I5VH__16_bigger.jpg,,"Via the ENBD X Mobile App
@Emy191990 
@Sosomostafa729S 
@zeynp_qas","Via the ENBD X Mobile App
<a href=""/Emy191990"" title=""Eman Mohamed"">@Emy191990</a> 
<a href=""/Sosomostafa729S"" title=""Soha.mostafa77"">@Sosomostafa729S</a> 
<a href=""/zeynp_qas"" title=""zeynab kasem"">@zeynp_qas</a>",False,,['EmiratesNBD_AE'],2h,"Mar 29, 2026 · 1:08 PM UTC",2026-03-29 13:08:00,,"['https://x.com/Emy191990', 'https://x.com/Sosomostafa729S', 'https://x.com/zeynp_qas']",0.0,0.0,0.0,0.0,ENBD,"Via the ENBD X Mobile App
@Emy191990 
@Sosomostafa729S 
@zeynp_qas",,,"Via the ENBD X Mobile App
@Emy191990 
@Sosomostafa729S 
@zeynp_qas",Through the ENBD X Mobile App,Cust,Neutral,2026-03-29 17:08:00,29-03-2026,ENBD,1. Emirates NBD Bank (ENBD),Through the ENBD X Mobile App,Emirates NBD Bank (ENBD),2026,EmiratesNBD_AE,2026-03-29 17:08:00,Sunday
2038234797839941987,https://x.com/Lura____3/status/2038234797839941987,https://x.com/Lura____3,Lura____3,RERE,https://pbs.twimg.com/profile_images/1880007160555294720/mqO0utK5_bigger.jpg,,نصيحة اليوم | رمضان https://t.co/DwvdZpkUhh,ما اقدر ارسل لكم,False,,['EmiratesNBD_AE'],2h,"Mar 29, 2026 · 12:40 PM UTC",2026-03-29 12:40:00,,,0.0,0.0,0.0,2.0,ENBD,ما اقدر ارسل لكم,https://x.com/Lura____3/status/2038234797839941987,نصيحة اليوم | رمضان https://t.co/DwvdZpkUhh,نصيحة اليوم | رمضان https://t.co/DwvdZpkUhh,Today's advice | Ramadan,Cust,Neutral,2026-03-29 16:40:00,29-03-2026,ENBD,1. Emirates NBD Bank (ENBD),Today's advice | Ramadan,Emirates NBD Bank (ENBD),2026,EmiratesNBD_AE,2026-03-29 16:40:00,Sunday
2038232165763182691,https://x.com/EmiratesNBD_AE/status/2038232165763182691,https://x.com/EmiratesNBD_AE,EmiratesNBD_AE,Emirates NBD,https://pbs.twimg.com/profile_images/1762427651271110656/jOUBidn8_bigger.jpg,,"نشكركم على اهتمامكم بمنتجاتنا، يرجى زيارة الرابط أدناه وتعبئة بياناتكم، وسيتواصل معكم فريق المبيعات لدينا خلال يومي عمل. الحد الأدنى للراتب المطلوب هو 5000 درهم إماراتي. شكرًا - زبير

beta.emiratesnbd.com/en/Camp…","نشكركم على اهتمامكم بمنتجاتنا، يرجى زيارة الرابط أدناه وتعبئة بياناتكم، وسيتواصل معكم فريق المبيعات لدينا خلال يومي عمل. الحد الأدنى للراتب المطلوب هو 5000 درهم إماراتي. شكرًا - زبير

<a href=""https://beta.emiratesnbd.com/en/Campaigns/social-media-apply?SOURCE=&amp;REF&amp;ref=legacy&amp;legacy_redirect=true"">beta.emiratesnbd.com/en/Camp…</a>",False,,['Lura____3'],2h,"Mar 29, 2026 · 12:29 PM UTC",2026-03-29 12:29:00,,['https://beta.emiratesnbd.com/en/Campaigns/social-media-apply?SOURCE=&REF&ref=legacy&legacy_redirect=true'],1.0,0.0,0.0,29.0,ENBD,"نشكركم على اهتمامكم بمنتجاتنا، يرجى زيارة الرابط أدناه وتعبئة بياناتكم، وسيتواصل معكم فريق المبيعات لدينا خلال يومي عمل. الحد الأدنى للراتب المطلوب هو 5000 درهم إماراتي. شكرًا - زبير

beta.emiratesnbd.com/en/Camp…",,,"نشكركم على اهتمامكم بمنتجاتنا، يرجى زيارة الرابط أدناه وتعبئة بياناتكم، وسيتواصل معكم فريق المبيعات لدينا خلال يومي عمل. الحد الأدنى للراتب المطلوب هو 5000 درهم إماراتي. شكرًا - زبير

beta.emiratesnbd.com/en/Camp…","Thank you for your interest in our products. Please visit the link below and fill in your details, and our sales team will contact you within two working days. The minimum required salary is 5000 AED. Thank you - Zubair",Cust,Neutral,2026-03-29 16:29:00,29-03-2026,ENBD,1. Emirates NBD Bank (ENBD),"Please visit the link below and fill in your details, and our sales team will contact you within two working days. • The minimum required salary is 5000 AED. • Thank you for your interest in our products.",Emirates NBD Bank (ENBD),2026,Lura____3,2026-03-29 16:29:00,Sunday
2038225382005146043,https://x.com/zola_app/status/2038225382005146043,https://x.com/zola_app,zola_app,Zola,https://pbs.twimg.com/profile_images/2026579810441678848/Bq-izqc4_bigger.jpg,,"[1/8]
Everyone quotes ""from AED 5,750"" for a UAE free zone company.

That number is real. It is also deeply incomplete.

Here is what you will actually spend in Year 1 as a solo founder, line by line.","[5/8]
Bank accounts are free to open at most banks.

The catch: minimum deposits of AED 5,000-50,000 depending on the bank.

Wio, Mashreq Neo, RAKBANK are friendlier to new free zone companies. Tier 1 banks like Emirates NBD want to see revenue first.",False,,,3h,"Mar 29, 2026 · 12:02 PM UTC",2026-03-29 12:02:00,,,1.0,0.0,0.0,10.0,ENBD,"[5/8]
Bank accounts are free to open at most banks.

The catch: minimum deposits of AED 5,000-50,000 depending on the bank.

Wio, Mashreq Neo, RAKBANK are friendlier to new free zone companies. Tier 1 banks like Emirates NBD want to see revenue first.",https://x.com/zola_app/status/2038225382005146043,"[1/8]
Everyone quotes ""from AED 5,750"" for a UAE free zone company.

That number is real. It is also deeply incomplete.

Here is what you will actually spend in Year 1 as a solo founder, line by line.","[1/8]
Everyone quotes ""from AED 5,750"" for a UAE free zone company.

That number is real. It is also deeply incomplete.

Here is what you will actually spend in Year 1 as a solo founder, line by line.","Everyone quotes ""from AED 5,750"" for a UAE free zone company. That number is real. It is also deeply incomplete. Here is what you will actually spend in Year 1 as a solo founder, line by line.",Cust,Neutral,2026-03-29 16:02:00,29-03-2026,ENBD,1. Emirates NBD Bank (ENBD),"Everyone quotes ""from AED 5,750"" for a UAE free zone company. • Here is what you will actually spend in Year 1 as a solo founder, line by line. • It is also deeply incomplete.",Emirates NBD Bank (ENBD),2026,None,2026-03-29 16:02:00,Sunday
2038222517400392098,https://x.com/DigitalMedia_LM/status/2038222517400392098,https://x.com/DigitalMedia_LM,DigitalMedia_LM,Laura McDonald,https://pbs.twimg.com/profile_images/1500138803381501952/VQ6j3ezr_bigger.jpg,,"It’s breaking. But back the truck US isn’t publicly engaging in dip efforts, if Iran refuses to engage back. So who is the bigger liar?",🤔🤓,False,,,3h,"Mar 29, 2026 · 11:51 AM UTC",2026-03-29 11:51:00,,,0.0,0.0,0.0,13.0,ENBD,🤔🤓,https://x.com/DigitalMedia_LM/status/2038222517400392098,"It’s breaking. But back the truck US isn’t publicly engaging in dip efforts, if Iran refuses to engage back. So who is the bigger liar?","It’s breaking. But back the truck US isn’t publicly engaging in dip efforts, if Iran refuses to engage back. So who is the bigger liar?",It's breaking. But the US isn't publicly engaging in diplomatic efforts if Iran refuses to engage back. So who is the bigger liar?,Cust,Neutral,2026-03-29 15:51:00,29-03-2026,ENBD,1. Emirates NBD Bank (ENBD),But the US isn't publicly engaging in diplomatic efforts if Iran refuses to engage back. • So who is the bigger liar?,Emirates NBD Bank (ENBD),2026,None,2026-03-29 15:51:00,Sunday
2038220563748098517,https://x.com/marcelraj/status/2038220563748098517,https://x.com/marcelraj,marcelraj,Marcel Raj,https://pbs.twimg.com/profile_images/980770440766517248/keE9mwcw_bigger.jpg,,"حلّ فزورة رمضان واربح 10,000 درهم.

من توزيع الوجبات، إلى دعم العاملين وقضاء الوقت مع كبار المواطنين، يجمع برنامج واحد كل ذلك تحت مظلًة واحدة.

ما اسم هذا البرنامج؟

للمشاركة:
1.تابع حساب بنك الإمارات دبي الوطني
2.قم بالإشارة إلى 3 من أصدقائك
3.اكتب إجابتك في التعليقات أدناه https://t.co/aADoQF5a2E","Exchanger volunteering program 
<a href=""/parulghalout"" title=""parul ghalout"">@parulghalout</a>
<a href=""/Fr638"" title=""Faris _m"">@Fr638</a>
<a href=""/Fayaz01150103"" title=""Fayaz"">@Fayaz01150103</a>",False,,['EmiratesNBD_AE'],3h,"Mar 29, 2026 · 11:43 AM UTC",2026-03-29 11:43:00,,"['https://x.com/parulghalout', 'https://x.com/Fr638', 'https://x.com/Fayaz01150103']",0.0,0.0,0.0,1.0,ENBD,"Exchanger volunteering program 
@parulghalout
@Fr638
@Fayaz01150103",https://x.com/marcelraj/status/2038220563748098517,"حلّ فزورة رمضان واربح 10,000 درهم.

من توزيع الوجبات، إلى دعم العاملين وقضاء الوقت مع كبار المواطنين، يجمع برنامج واحد كل ذلك تحت مظلًة واحدة.

ما اسم هذا البرنامج؟

للمشاركة:
1.تابع حساب بنك الإمارات دبي الوطني
2.قم بالإشارة إلى 3 من أصدقائك
3.اكتب إجابتك في التعليقات أدناه https://t.co/aADoQF5a2E","حلّ فزورة رمضان واربح 10,000 درهم.

من توزيع الوجبات، إلى دعم العاملين وقضاء الوقت مع كبار المواطنين، يجمع برنامج واحد كل ذلك تحت مظلًة واحدة.

ما اسم هذا البرنامج؟

للمشاركة:
1.تابع حساب بنك الإمارات دبي الوطني
2.قم بالإشارة إلى 3 من أصدقائك
3.اكتب إجابتك في التعليقات أدناه https://t.co/aADoQF5a2E","Solve the Ramadan riddle and win 10,000 dirhams.

From meal distribution to supporting workers and spending time with senior citizens, one program brings all of this together under one umbrella.

What is the name of this program?

To participate:
1. Follow the Emirates NBD account
2. Tag 3 of your friends
3. Write your answer in the comments below.",Cust,Neutral,2026-03-29 15:43:00,29-03-2026,ENBD,1. Emirates NBD Bank (ENBD),"From meal distribution to supporting workers and spending time with senior citizens, one program brings all of this together under one umbrella. • Solve the Ramadan riddle and win 10,000 dirhams. • Follow the Emirates NBD account 2.",Emirates NBD Bank (ENBD),2026,EmiratesNBD_AE,2026-03-29 15:43:00,Sunday
2038208835433681181,https://x.com/a_m_alazizi/status/2038208835433681181,https://x.com/a_m_alazizi,a_m_alazizi,عبدالرحمن مناور,https://pbs.twimg.com/profile_images/1745700634349764608/AVHo2vzs_bigger.jpg,,"تعامل بوعي
قبل الاستفادة من أي منتج أو خدمة بنكية، اطّلع على الشروط والأحكام والرسوم، وتعرّف على حقوقك ومسؤولياتك.
ولخدمتكم، يمكنكم تقديم الشكاوى والاستفسارات عبر القنوات الرسمية المعتمدة للبنك https://t.co/2mSBcRvH7G",ليش ماتردون على الخاص,False,,['EmiratesNBD_KSA'],4h,"Mar 29, 2026 · 10:57 AM UTC",2026-03-29 10:57:00,,,0.0,0.0,0.0,1.0,ENBD,ليش ماتردون على الخاص,https://x.com/a_m_alazizi/status/2038208835433681181,"تعامل بوعي
قبل الاستفادة من أي منتج أو خدمة بنكية، اطّلع على الشروط والأحكام والرسوم، وتعرّف على حقوقك ومسؤولياتك.
ولخدمتكم، يمكنكم تقديم الشكاوى والاستفسارات عبر القنوات الرسمية المعتمدة للبنك https://t.co/2mSBcRvH7G","تعامل بوعي
قبل الاستفادة من أي منتج أو خدمة بنكية، اطّلع على الشروط والأحكام والرسوم، وتعرّف على حقوقك ومسؤولياتك.
ولخدمتكم، يمكنكم تقديم الشكاوى والاستفسارات عبر القنوات الرسمية المعتمدة للبنك https://t.co/2mSBcRvH7G","Act consciously. Before benefiting from any banking product or service, review the terms and conditions and fees, and understand your rights and responsibilities. For your service, you can submit complaints and inquiries through the bank's official approved channels.",Cust,Neutral,2026-03-29 14:57:00,29-03-2026,ENBD,1. Emirates NBD Bank (ENBD),"Before benefiting from any banking product or service, review the terms and conditions and fees, and understand your rights and responsibilities. • For your service, you can submit complaints and inquiries through the bank's official approved channels.",Emirates NBD Bank (ENBD),2026,EmiratesNBD_KSA,2026-03-29 14:57:00,Sunday
2038199225138442421,https://x.com/theHT4/status/2038199225138442421,https://x.com/theHT4,theHT4,Harsh T,https://pbs.twimg.com/profile_images/1681010934867697664/e3_79n4J_bigger.jpg,,@EmiratesNBD_AE need help,"<a href=""/EmiratesNBD_AE"" title=""Emirates NBD"">@EmiratesNBD_AE</a> need help",False,,,5h,"Mar 29, 2026 · 10:18 AM UTC",2026-03-29 10:18:00,,['https://x.com/EmiratesNBD_AE'],1.0,0.0,0.0,7.0,ENBD,@EmiratesNBD_AE need help,https://x.com/theHT4/status/2038199225138442421,@EmiratesNBD_AE need help,@EmiratesNBD_AE need help,@EmiratesNBD_AE need help,Cust,Neutral,2026-03-29 14:18:00,29-03-2026,ENBD,1. Emirates NBD Bank (ENBD),@EmiratesNBD_AE need help,Emirates NBD Bank (ENBD),2026,None,2026-03-29 14:18:00,Sunday
2038172102902055221,https://x.com/a_m_alazizi/status/2038172102902055221,https://x.com/a_m_alazizi,a_m_alazizi,عبدالرحمن مناور,https://pbs.twimg.com/profile_images/1745700634349764608/AVHo2vzs_bigger.jpg,,@EmiratesNBD_KSA ارجو الرد على الخاص,"<a href=""/EmiratesNBD_KSA"" title=""EmiratesNBD KSA"">@EmiratesNBD_KSA</a> ارجو الرد على الخاص",False,,,6h,"Mar 29, 2026 · 8:31 AM UTC",2026-03-29 08:31:00,,['https://x.com/EmiratesNBD_KSA'],0.0,0.0,0.0,4.0,ENBD,@EmiratesNBD_KSA ارجو الرد على الخاص,https://x.com/a_m_alazizi/status/2038172102902055221,@EmiratesNBD_KSA ارجو الرد على الخاص,@EmiratesNBD_KSA ارجو الرد على الخاص,Please respond to the private message.,Cust,Neutral,2026-03-29 12:31:00,29-03-2026,ENBD,1. Emirates NBD Bank (ENBD),Please respond to the private message.,Emirates NBD Bank (ENBD),2026,None,2026-03-29 12:31:00,Sunday
2038164256961540293,https://x.com/EmiratesNBD_AE/status/2038164256961540293,https://x.com/EmiratesNBD_AE,EmiratesNBD_AE,Emirates NBD,https://pbs.twimg.com/profile_images/1762427651271110656/jOUBidn8_bigger.jpg,,"Get guaranteed vouchers worth of AED750
 
Apply for Emirates NBD noon One Visa Credit Card and receive a guaranteed Majid Al Futtaim voucher worth AED 750.
https://t.co/Rj1kVb2Rck https://t.co/MQajcVjmt6","Avoid public Wi-Fi for banking. Data can be intercepted.

Stay Safe, Stay Vigilant. <a href=""/search?f=tweets&amp;q=%23UnitedAgainstFraud"">#UnitedAgainstFraud</a>

<a href=""https://www.emiratesnbd.com/en/campaigns/united-against-fraud"">emiratesnbd.com/en/campaigns…</a>",False,,,7h,"Mar 29, 2026 · 8:00 AM UTC",2026-03-29 08:00:00,,"['https://x.com/search?f=tweets&q=%23UnitedAgainstFraud', 'https://www.emiratesnbd.com/en/campaigns/united-against-fraud']",1.0,1.0,4.0,595.0,ENBD,"Avoid public Wi-Fi for banking. Data can be intercepted.

Stay Safe, Stay Vigilant. #UnitedAgainstFraud

emiratesnbd.com/en/campaigns…",https://x.com/EmiratesNBD_AE/status/2038164256961540293,"Get guaranteed vouchers worth of AED750
 
Apply for Emirates NBD noon One Visa Credit Card and receive a guaranteed Majid Al Futtaim voucher worth AED 750.
https://t.co/Rj1kVb2Rck https://t.co/MQajcVjmt6","Get guaranteed vouchers worth of AED750
 
Apply for Emirates NBD noon One Visa Credit Card and receive a guaranteed Majid Al Futtaim voucher worth AED 750.
https://t.co/Rj1kVb2Rck https://t.co/MQajcVjmt6","Get guaranteed vouchers worth AED 750. 

Apply for the Emirates NBD noon One Visa Credit Card and receive a guaranteed Majid Al Futtaim voucher worth AED 750.",Bank,Positive,2026-03-29 12:00:00,29-03-2026,ENBD,1. Emirates NBD Bank (ENBD),Apply for the Emirates NBD noon One Visa Credit Card and receive a guaranteed Majid Al Futtaim voucher worth AED 750. • Get guaranteed vouchers worth AED 750.,Emirates NBD Bank (ENBD),2026,None,2026-03-29 12:00:00,Sunday
2038155820752339040,https://x.com/EmiratesNBD_KSA/status/2038155820752339040,https://x.com/EmiratesNBD_KSA,EmiratesNBD_KSA,EmiratesNBD KSA,https://pbs.twimg.com/profile_images/1762427762424385536/iUFFKIOK_bigger.jpg,,"جمّع أميالك، من مشترياتك المحلية والدولية ✈️
مع بطاقة رحالة الائتمانية من #بنك_الإمارات_دبي_الوطني 💙

للتفاصيل:https://t.co/Lj22BZ7E5k https://t.co/VwLKvAqAZ5","جمّع أميالك، من مشترياتك المحلية والدولية ✈️
مع بطاقة رحالة الائتمانية من <a href=""/search?f=tweets&amp;q=%23بنك_الإمارات_دبي_الوطني"">#بنك_الإمارات_دبي_الوطني</a> 💙

للتفاصيل:<a href=""http://ms.spr.ly/6011QaU0Z"">ms.spr.ly/6011QaU0Z</a>",False,,,7h,"Mar 29, 2026 · 7:26 AM UTC",2026-03-29 07:26:00,,"['https://x.com/search?f=tweets&q=%23بنك_الإمارات_دبي_الوطني', 'http://ms.spr.ly/6011QaU0Z']",1.0,0.0,1.0,536.0,ENBD,"جمّع أميالك، من مشترياتك المحلية والدولية ✈️
مع بطاقة رحالة الائتمانية من #بنك_الإمارات_دبي_الوطني 💙

للتفاصيل:ms.spr.ly/6011QaU0Z",https://x.com/EmiratesNBD_KSA/status/2038155820752339040,"جمّع أميالك، من مشترياتك المحلية والدولية ✈️
مع بطاقة رحالة الائتمانية من #بنك_الإمارات_دبي_الوطني 💙

للتفاصيل:https://t.co/Lj22BZ7E5k https://t.co/VwLKvAqAZ5","جمّع أميالك، من مشترياتك المحلية والدولية ✈️
مع بطاقة رحالة الائتمانية من #بنك_الإمارات_دبي_الوطني 💙

للتفاصيل:https://t.co/Lj22BZ7E5k https://t.co/VwLKvAqAZ5",Gather your miles from your local and international purchases ✈️ with the Traveler credit card from #Emirates_NBD 💙 For details: https://t.co/Lj22BZ7E5k https://t.co/VwLKvAqAZ5,Bank,Positive,2026-03-29 11:26:00,29-03-2026,ENBD,1. Emirates NBD Bank (ENBD),Gather your miles from your local and international purchases ✈️ with the Traveler credit card from #Emirates_NBD 💙 For details: https://t.co/Lj22BZ7E5k https://t.co/VwLKvAqAZ5,Emirates NBD Bank (ENBD),2026,None,2026-03-29 11:26:00,Sunday
2037936526093430909,https://x.com/EmiratesNBD_AE/status/2037936526093430909,https://x.com/EmiratesNBD_AE,EmiratesNBD_AE,Emirates NBD,https://pbs.twimg.com/profile_images/1762427651271110656/jOUBidn8_bigger.jpg,,"What’s more suspicious?

Stay Safe, Stay Vigilant. #UnitedAgainstFraud

https://t.co/YpRWtBZrhq",We regret to inform you that this process can be done only by a branch visit within the UAE.,False,,['cruizomfs'],22h,"Mar 28, 2026 · 4:55 PM UTC",2026-03-28 16:55:00,,,0.0,0.0,1.0,34.0,ENBD,We regret to inform you that this process can be done only by a branch visit within the UAE.,https://x.com/EmiratesNBD_AE/status/2037936526093430909,"What’s more suspicious?

Stay Safe, Stay Vigilant. #UnitedAgainstFraud

https://t.co/YpRWtBZrhq","What’s more suspicious?

Stay Safe, Stay Vigilant. #UnitedAgainstFraud

https://t.co/YpRWtBZrhq","What’s more suspicious? 

Stay Safe, Stay Vigilant. #UnitedAgainstFraud",Cust,Neutral,2026-03-28 20:55:00,28-03-2026,ENBD,1. Emirates NBD Bank (ENBD),"Stay Safe, Stay Vigilant.",Emirates NBD Bank (ENBD),2026,cruizomfs,2026-03-28 20:55:00,Saturday
2037928218003382573,https://x.com/cruizomfs/status/2037928218003382573,https://x.com/cruizomfs,cruizomfs,Los 🥚 De Donald Trump 🇺🇸,https://pbs.twimg.com/profile_images/2030819740177063936/UWZXuDTH_bigger.jpg,,"I just got back from the UAE, is there any chance I can start the process online. I'll probably go again in august.","I just got back from the UAE, is there any chance I can start the process online. I&#39;ll probably go again in august.",False,,['EmiratesNBD_AE'],22h,"Mar 28, 2026 · 4:22 PM UTC",2026-03-28 16:22:00,,,1.0,0.0,0.0,32.0,ENBD,"I just got back from the UAE, is there any chance I can start the process online. I'll probably go again in august.",,,"I just got back from the UAE, is there any chance I can start the process online. I'll probably go again in august.","I just got back from the UAE, is there any chance I can start the process online? I'll probably go again in August.",Cust,Neutral,2026-03-28 20:22:00,28-03-2026,ENBD,1. Emirates NBD Bank (ENBD),"I just got back from the UAE, is there any chance I can start the process online? • I'll probably go again in August.",Emirates NBD Bank (ENBD),2026,EmiratesNBD_AE,2026-03-28 20:22:00,Saturday
2037921044221010067,https://x.com/EmiratesNBD_AE/status/2037921044221010067,https://x.com/EmiratesNBD_AE,EmiratesNBD_AE,Emirates NBD,https://pbs.twimg.com/profile_images/1762427651271110656/jOUBidn8_bigger.jpg,,"Hi, thank you for reaching out, please be informed that you can apply for non-resident account by a visit to one of our branches within the UAE.
Documents:
Proof of Identification:
Original Passport for sighting
In case of dual Nationality both the passports’ copies to be obtained.

Proof of Income / Employment
For employed individuals any one of the below documents are required:
Salary letter/certificate
Employment contract 
Last 6 months Bank statement
For self-employed individuals, both of the below documents are required:

Trade license 
Last 6 months Bank statement
For unemployed individuals, a proof of source of funds may be required by the Bank. 

Proof of Address: 
Two months utility bills that show normal range of consumption at time of billing
(Bill should not be more than 3 months old)","Hi, thank you for reaching out, please be informed that you can apply for non-resident account by a visit to one of our branches within the UAE.
Documents:
Proof of Identification:
Original Passport for sighting
In case of dual Nationality both the passports’ copies to be obtained.

Proof of Income / Employment
For employed individuals any one of the below documents are required:
Salary letter/certificate
Employment contract 
Last 6 months Bank statement
For self-employed individuals, both of the below documents are required:

Trade license 
Last 6 months Bank statement
For unemployed individuals, a proof of source of funds may be required by the Bank. 

Proof of Address: 
Two months utility bills that show normal range of consumption at time of billing
(Bill should not be more than 3 months old)",False,,['cruizomfs'],23h,"Mar 28, 2026 · 3:53 PM UTC",2026-03-28 15:53:00,,,1.0,0.0,1.0,24.0,ENBD,"Hi, thank you for reaching out, please be informed that you can apply for non-resident account by a visit to one of our branches within the UAE.
Documents:
Proof of Identification:
Original Passport for sighting
In case of dual Nationality both the passports’ copies to be obtained.

Proof of Income / Employment
For employed individuals any one of the below documents are required:
Salary letter/certificate
Employment contract 
Last 6 months Bank statement
For self-employed individuals, both of the below documents are required:

Trade license 
Last 6 months Bank statement
For unemployed individuals, a proof of source of funds may be required by the Bank. 

Proof of Address: 
Two months utility bills that show normal range of consumption at time of billing
(Bill should not be more than 3 months old)",,,"Hi, thank you for reaching out, please be informed that you can apply for non-resident account by a visit to one of our branches within the UAE.
Documents:
Proof of Identification:
Original Passport for sighting
In case of dual Nationality both the passports’ copies to be obtained.

Proof of Income / Employment
For employed individuals any one of the below documents are required:
Salary letter/certificate
Employment contract 
Last 6 months Bank statement
For self-employed individuals, both of the below documents are required:

Trade license 
Last 6 months Bank statement
For unemployed individuals, a proof of source of funds may be required by the Bank. 

Proof of Address: 
Two months utility bills that show normal range of consumption at time of billing
(Bill should not be more than 3 months old)","Hi, thank you for reaching out. Please be informed that you can apply for a non-resident account by visiting one of our branches within the UAE.  
Documents:  
Proof of Identification:  
Original passport for sighting.  
In case of dual nationality, copies of both passports are required.  

Proof of Income / Employment:  
For employed individuals, any one of the following documents is required:  
Salary letter/certificate  
Employment contract  
Last 6 months bank statement  
For self-employed individuals, both of the following documents are required:  
Trade license  
Last 6 months bank statement  
For unemployed individuals, proof of source of funds may be required by the bank.  

Proof of Address:  
Two months of utility bills that show a normal range of consumption at the time of billing  
(The bill should not be more than 3 months old)",Cust,Neutral,2026-03-28 19:53:00,28-03-2026,ENBD,1. Emirates NBD Bank (ENBD),Proof of Address: Two months of utility bills that show a normal range of consumption at the time of billing (The bill should not be more than 3 months old) • Please be informed that you can apply for a non-resident account by visiting one of our branches within the UAE. • Documents: Proof of Identification: Original passport for sighting.,Emirates NBD Bank (ENBD),2026,cruizomfs,2026-03-28 19:53:00,Saturday
2037911596106715381,https://x.com/cruizomfs/status/2037911596106715381,https://x.com/cruizomfs,cruizomfs,Los 🥚 De Donald Trump 🇺🇸,https://pbs.twimg.com/profile_images/2030819740177063936/UWZXuDTH_bigger.jpg,,Hello. Do I need a residency in order to open an account?,Hello. Do I need a residency in order to open an account?,False,,['EmiratesNBD_AE'],Mar 28,"Mar 28, 2026 · 3:16 PM UTC",2026-03-28 15:16:00,,,1.0,0.0,0.0,10.0,ENBD,Hello. Do I need a residency in order to open an account?,,,Hello. Do I need a residency in order to open an account?,Hello. Do I need to be a resident in order to open an account?,Cust,Neutral,2026-03-28 19:16:00,28-03-2026,ENBD,1. Emirates NBD Bank (ENBD),Do I need to be a resident in order to open an account?,Emirates NBD Bank (ENBD),2026,EmiratesNBD_AE,2026-03-28 19:16:00,Saturday
2037895388909142325,https://x.com/EmiratesNBD_AE/status/2037895388909142325,https://x.com/EmiratesNBD_AE,EmiratesNBD_AE,Emirates NBD,https://pbs.twimg.com/profile_images/1762427651271110656/jOUBidn8_bigger.jpg,,"Get guaranteed vouchers worth of AED750
 
Apply for Emirates NBD noon One Visa Credit Card and receive a guaranteed Majid Al Futtaim voucher worth AED 750.
emiratesnbd.com/en/campaigns…","Get guaranteed vouchers worth of AED750
 
Apply for Emirates NBD noon One Visa Credit Card and receive a guaranteed Majid Al Futtaim voucher worth AED 750.
<a href=""https://www.emiratesnbd.com/en/campaigns/noon-one-credit-card"">emiratesnbd.com/en/campaigns…</a>",False,,,Mar 28,"Mar 28, 2026 · 2:11 PM UTC",2026-03-28 14:11:00,,['https://www.emiratesnbd.com/en/campaigns/noon-one-credit-card'],3.0,1.0,3.0,856.0,ENBD,"Get guaranteed vouchers worth of AED750
 
Apply for Emirates NBD noon One Visa Credit Card and receive a guaranteed Majid Al Futtaim voucher worth AED 750.
emiratesnbd.com/en/campaigns…",,,"Get guaranteed vouchers worth of AED750
 
Apply for Emirates NBD noon One Visa Credit Card and receive a guaranteed Majid Al Futtaim voucher worth AED 750.
emiratesnbd.com/en/campaigns…","Get guaranteed vouchers worth AED 750. 

Apply for the Emirates NBD noon One Visa Credit Card and receive a guaranteed Majid Al Futtaim voucher worth AED 750.",Bank,Positive,2026-03-28 18:11:00,28-03-2026,ENBD,1. Emirates NBD Bank (ENBD),Apply for the Emirates NBD noon One Visa Credit Card and receive a guaranteed Majid Al Futtaim voucher worth AED 750. • Get guaranteed vouchers worth AED 750.,Emirates NBD Bank (ENBD),2026,None,2026-03-28 18:11:00,Saturday
2037827252075839770,https://x.com/EmiratesNBD_KSA/status/2037827252075839770,https://x.com/EmiratesNBD_KSA,EmiratesNBD_KSA,EmiratesNBD KSA,https://pbs.twimg.com/profile_images/1762427762424385536/iUFFKIOK_bigger.jpg,,"نعم يمكنك تقسيط المبلغ, لطلب التقسيط وتفاصيل أكثر قبل إجراء المعاملة يرجى الاتصال بنا على الرقم المجاني 8007547777","نعم يمكنك تقسيط المبلغ, لطلب التقسيط وتفاصيل أكثر قبل إجراء المعاملة يرجى الاتصال بنا على الرقم المجاني 8007547777",False,,['Talal_Hus'],Mar 28,"Mar 28, 2026 · 9:40 AM UTC",2026-03-28 09:40:00,,,0.0,0.0,0.0,51.0,ENBD,"نعم يمكنك تقسيط المبلغ, لطلب التقسيط وتفاصيل أكثر قبل إجراء المعاملة يرجى الاتصال بنا على الرقم المجاني 8007547777",,,"نعم يمكنك تقسيط المبلغ, لطلب التقسيط وتفاصيل أكثر قبل إجراء المعاملة يرجى الاتصال بنا على الرقم المجاني 8007547777","Yes, you can pay in installments. To request installment details before making the transaction, please contact us at the toll-free number 8007547777.",Cust,Neutral,2026-03-28 13:40:00,28-03-2026,ENBD,1. Emirates NBD Bank (ENBD),"To request installment details before making the transaction, please contact us at the toll-free number 8007547777. • Yes, you can pay in installments.",Emirates NBD Bank (ENBD),2026,Talal_Hus,2026-03-28 13:40:00,Saturday
2037818020597215557,https://x.com/Talal_Hus/status/2037818020597215557,https://x.com/Talal_Hus,Talal_Hus,T.A,https://pbs.twimg.com/profile_images/1499888329797652480/UU2JVEEj_bigger.jpg,,"@EmiratesNBD_KSA بالنسبة للتقسيط بدون هامش ربح هل لو سددت من خلال الفيزا ابل باي اقدر استفيد من العرض ؟ 
يعني ععندب في نون اشتري ابل باي وبعدها اقسطها ؟","<a href=""/EmiratesNBD_KSA"" title=""EmiratesNBD KSA"">@EmiratesNBD_KSA</a> بالنسبة للتقسيط بدون هامش ربح هل لو سددت من خلال الفيزا ابل باي اقدر استفيد من العرض ؟ 
يعني ععندب في نون اشتري ابل باي وبعدها اقسطها ؟",False,,,Mar 28,"Mar 28, 2026 · 9:04 AM UTC",2026-03-28 09:04:00,,['https://x.com/EmiratesNBD_KSA'],1.0,0.0,0.0,40.0,ENBD,"@EmiratesNBD_KSA بالنسبة للتقسيط بدون هامش ربح هل لو سددت من خلال الفيزا ابل باي اقدر استفيد من العرض ؟ 
يعني ععندب في نون اشتري ابل باي وبعدها اقسطها ؟",https://x.com/Talal_Hus/status/2037818020597215557,"@EmiratesNBD_KSA بالنسبة للتقسيط بدون هامش ربح هل لو سددت من خلال الفيزا ابل باي اقدر استفيد من العرض ؟ 
يعني ععندب في نون اشتري ابل باي وبعدها اقسطها ؟","@EmiratesNBD_KSA بالنسبة للتقسيط بدون هامش ربح هل لو سددت من خلال الفيزا ابل باي اقدر استفيد من العرض ؟ 
يعني ععندب في نون اشتري ابل باي وبعدها اقسطها ؟","Regarding the installment plan without profit margin, if I pay through Visa Apple Pay, can I benefit from the offer? I mean, can I buy through Noon using Apple Pay and then pay in installments?",Cust,Neutral,2026-03-28 13:04:00,28-03-2026,ENBD,1. Emirates NBD Bank (ENBD),"Regarding the installment plan without profit margin, if I pay through Visa Apple Pay, can I benefit from the offer? • I mean, can I buy through Noon using Apple Pay and then pay in installments?",Emirates NBD Bank (ENBD),2026,None,2026-03-28 13:04:00,Saturday
2037804608517509572,https://x.com/eazyislit/status/2037804608517509572,https://x.com/eazyislit,eazyislit,Dat Dark Rich Dude 💎🇳🇬🇬🇧,https://pbs.twimg.com/profile_images/1920377756946169857/gG-ZA10q_bigger.jpg,,THE WOMAN DAT CARRIED YOU FOR 9 MONTHS MAY SHE LIVE LONG AND WITNESS YOU SUCCEED 🤍 https://t.co/0XDJyqkART,THE WOMAN DAT CARRIED YOU FOR 9 MONTHS MAY SHE LIVE LONG AND WITNESS YOU SUCCEED 🤍,False,,,Mar 28,"Mar 28, 2026 · 8:10 AM UTC",2026-03-28 08:10:00,,,0.0,0.0,0.0,13.0,ENBD,THE WOMAN DAT CARRIED YOU FOR 9 MONTHS MAY SHE LIVE LONG AND WITNESS YOU SUCCEED 🤍,https://x.com/eazyislit/status/2037804608517509572,THE WOMAN DAT CARRIED YOU FOR 9 MONTHS MAY SHE LIVE LONG AND WITNESS YOU SUCCEED 🤍 https://t.co/0XDJyqkART,THE WOMAN DAT CARRIED YOU FOR 9 MONTHS MAY SHE LIVE LONG AND WITNESS YOU SUCCEED 🤍 https://t.co/0XDJyqkART,"The woman who carried you for 9 months, may she live long and witness you succeed. 🤍",Cust,Neutral,2026-03-28 12:10:00,28-03-2026,ENBD,1. Emirates NBD Bank (ENBD),"The woman who carried you for 9 months, may she live long and witness you succeed.",Emirates NBD Bank (ENBD),2026,None,2026-03-28 12:10:00,Saturday
2037801868244533349,https://x.com/EmiratesNBD_AE/status/2037801868244533349,https://x.com/EmiratesNBD_AE,EmiratesNBD_AE,Emirates NBD,https://pbs.twimg.com/profile_images/1762427651271110656/jOUBidn8_bigger.jpg,,"What’s more suspicious?

Stay Safe, Stay Vigilant. #UnitedAgainstFraud

emiratesnbd.com/en/campaigns…","What’s more suspicious?

Stay Safe, Stay Vigilant. <a href=""/search?f=tweets&amp;q=%23UnitedAgainstFraud"">#UnitedAgainstFraud</a>

<a href=""https://www.emiratesnbd.com/en/campaigns/united-against-fraud"">emiratesnbd.com/en/campaigns…</a>",False,,,Mar 28,"Mar 28, 2026 · 8:00 AM UTC",2026-03-28 08:00:00,,"['https://x.com/search?f=tweets&q=%23UnitedAgainstFraud', 'https://www.emiratesnbd.com/en/campaigns/united-against-fraud']",2.0,0.0,4.0,615.0,ENBD,"What’s more suspicious?

Stay Safe, Stay Vigilant. #UnitedAgainstFraud

emiratesnbd.com/en/campaigns…",,,"What’s more suspicious?

Stay Safe, Stay Vigilant. #UnitedAgainstFraud

emiratesnbd.com/en/campaigns…","What is more suspicious? 

Stay Safe, Stay Vigilant. #UnitedAgainstFraud",Bank,Neutral,2026-03-28 12:00:00,28-03-2026,ENBD,1. Emirates NBD Bank (ENBD),"Stay Safe, Stay Vigilant.",Emirates NBD Bank (ENBD),2026,None,2026-03-28 12:00:00,Saturday
2037799000171216897,https://x.com/argosaki/status/2037799000171216897,https://x.com/argosaki,argosaki,GP Q,https://pbs.twimg.com/profile_images/1346926049532080128/AZU6mAE-_bigger.jpg,,"SOUNDS LIKE … QUANTUM 

Emirates NBD enables instant trading account top-ups for UAE investors
New system lets UAE investors fund trading accounts in near real time 
https://t.co/qE71v9rmUv","SOUNDS LIKE … QUANTUM 

Emirates NBD enables instant trading account top-ups for UAE investors
New system lets UAE investors fund trading accounts in near real time 
<a href=""https://gulfnews.com/business/banking/emirates-nbd-enables-instant-trading-account-top-ups-for-uae-investors-1.500487960"">gulfnews.com/business/bankin…</a>",False,,,Mar 28,"Mar 28, 2026 · 7:48 AM UTC",2026-03-28 07:48:00,,['https://gulfnews.com/business/banking/emirates-nbd-enables-instant-trading-account-top-ups-for-uae-investors-1.500487960'],0.0,1.0,0.0,441.0,ENBD,"SOUNDS LIKE … QUANTUM 

Emirates NBD enables instant trading account top-ups for UAE investors
New system lets UAE investors fund trading accounts in near real time 
gulfnews.com/business/bankin…",https://x.com/argosaki/status/2037799000171216897,"SOUNDS LIKE … QUANTUM 

Emirates NBD enables instant trading account top-ups for UAE investors
New system lets UAE investors fund trading accounts in near real time 
https://t.co/qE71v9rmUv","SOUNDS LIKE … QUANTUM 

Emirates NBD enables instant trading account top-ups for UAE investors
New system lets UAE investors fund trading accounts in near real time 
https://t.co/qE71v9rmUv","SOUNDS LIKE … QUANTUM

Emirates NBD enables instant trading account top-ups for UAE investors. New system lets UAE investors fund trading accounts in near real time.",Cust,Positive,2026-03-28 11:48:00,28-03-2026,ENBD,1. Emirates NBD Bank (ENBD),SOUNDS LIKE … QUANTUM Emirates NBD enables instant trading account top-ups for UAE investors. • New system lets UAE investors fund trading accounts in near real time.,Emirates NBD Bank (ENBD),2026,None,2026-03-28 11:48:00,Saturday
2037796434725269639,https://x.com/ZaibKang/status/2037796434725269639,https://x.com/ZaibKang,ZaibKang,Jahan Zaib Akbar Kang,https://pbs.twimg.com/profile_images/2028644994790436864/h-Avrj3s_bigger.jpg,,"Before clicking a link, what do you do?

Stay Safe, Stay Vigilant. #UnitedAgainstFraud

https://t.co/YpRWtBZrhq",Thanks for your timely response.,False,,['EmiratesNBD_AE'],Mar 28,"Mar 28, 2026 · 7:38 AM UTC",2026-03-28 07:38:00,,,0.0,0.0,0.0,26.0,ENBD,Thanks for your timely response.,https://x.com/ZaibKang/status/2037796434725269639,"Before clicking a link, what do you do?

Stay Safe, Stay Vigilant. #UnitedAgainstFraud

https://t.co/YpRWtBZrhq","Before clicking a link, what do you do?

Stay Safe, Stay Vigilant. #UnitedAgainstFraud

https://t.co/YpRWtBZrhq","Before clicking a link, what do you do? 

Stay Safe, Stay Vigilant. #UnitedAgainstFraud",Cust,Neutral,2026-03-28 11:38:00,28-03-2026,ENBD,1. Emirates NBD Bank (ENBD),"Stay Safe, Stay Vigilant. • Before clicking a link, what do you do?",Emirates NBD Bank (ENBD),2026,EmiratesNBD_AE,2026-03-28 11:38:00,Saturday
2037796009921900610,https://x.com/MazBalushi35285/status/2037796009921900610,https://x.com/MazBalushi35285,MazBalushi35285,مازن البلوشي,https://pbs.twimg.com/profile_images/2018589030322253824/-R_IX5Kh_bigger.jpg,,"جمهور الصقر جاهزين لحفل العيد مع صقر الأغنية الخليجية #رابح_صقر ؟🦅🎶

#روتانا_لايف
#فعاليات_العيد
#رابح_صقر_في_الرياض

@Turki_alalshikh 
@RabehSaqer 
@GEA_SA 
@EidSeason 
@Mabdoarena 
@EmiratesNBD_KSA https://t.co/0V3B6UgNKV",🥳مزيد من النواة الفн على مسابقة رابح صقر! راحت لكم الحفل العيد في الرياض! 🎉 فوق_النهاية فقط,False,,"['RotanaLive', 'Turki_alalshikh', 'RabehSaqer', 'GEA_SA', 'EidSeason', 'Mabdoarena', 'EmiratesNBD_KSA']",Mar 28,"Mar 28, 2026 · 7:36 AM UTC",2026-03-28 07:36:00,,,0.0,0.0,0.0,35.0,ENBD,🥳مزيد من النواة الفн على مسابقة رابح صقر! راحت لكم الحفل العيد في الرياض! 🎉 فوق_النهاية فقط,https://x.com/MazBalushi35285/status/2037796009921900610,"جمهور الصقر جاهزين لحفل العيد مع صقر الأغنية الخليجية #رابح_صقر ؟🦅🎶

#روتانا_لايف
#فعاليات_العيد
#رابح_صقر_في_الرياض

@Turki_alalshikh 
@RabehSaqer 
@GEA_SA 
@EidSeason 
@Mabdoarena 
@EmiratesNBD_KSA https://t.co/0V3B6UgNKV","جمهور الصقر جاهزين لحفل العيد مع صقر الأغنية الخليجية #رابح_صقر ؟🦅🎶

#روتانا_لايف
#فعاليات_العيد
#رابح_صقر_في_الرياض

@Turki_alalshikh 
@RabehSaqer 
@GEA_SA 
@EidSeason 
@Mabdoarena 
@EmiratesNBD_KSA https://t.co/0V3B6UgNKV",The Falcon audience is ready for the Eid celebration with the Gulf songbird #Rabeh_Saqer? 🦅🎶,Cust,Neutral,2026-03-28 11:36:00,28-03-2026,ENBD,1. Emirates NBD Bank (ENBD),The Falcon audience is ready for the Eid celebration with the Gulf songbird #Rabeh_Saqer?,Emirates NBD Bank (ENBD),2026,"RotanaLive, Turki_alalshikh, RabehSaqer, GEA_SA, EidSeason, Mabdoarena, EmiratesNBD_KSA",2026-03-28 11:36:00,Saturday
2037790087141101872,https://x.com/SelmaRomola/status/2037790087141101872,https://x.com/SelmaRomola,SelmaRomola,Selma Romola,https://pbs.twimg.com/profile_images/1118152018995105792/5fyZOTth_bigger.jpg,,"@EmiratesNBD_AE Fin well Financial well-being program with Emirates NBD 
@Sabaashraff
@Sosomostafa729S
@Amanekhattab1","Fin well Financial well-being program with Emirates NBD 
<a href=""/Sabaashraff"" title=""Saba Ashraf"">@Sabaashraff</a>
<a href=""/Sosomostafa729S"" title=""Soha.mostafa77"">@Sosomostafa729S</a>
<a href=""/Amanekhattab1"" title=""Amanekhattab"">@Amanekhattab1</a>",False,,['EmiratesNBD_AE'],Mar 28,"Mar 28, 2026 · 7:13 AM UTC",2026-03-28 07:13:00,,"['https://x.com/Sabaashraff', 'https://x.com/Sosomostafa729S', 'https://x.com/Amanekhattab1']",0.0,0.0,0.0,14.0,ENBD,"Fin well Financial well-being program with Emirates NBD 
@Sabaashraff
@Sosomostafa729S
@Amanekhattab1",https://x.com/SelmaRomola/status/2037790087141101872,"@EmiratesNBD_AE Fin well Financial well-being program with Emirates NBD 
@Sabaashraff
@Sosomostafa729S
@Amanekhattab1","@EmiratesNBD_AE Fin well Financial well-being program with Emirates NBD 
@Sabaashraff
@Sosomostafa729S
@Amanekhattab1",Fin well Financial well-being program with Emirates NBD,Cust,Positive,2026-03-28 11:13:00,28-03-2026,ENBD,1. Emirates NBD Bank (ENBD),Fin well Financial well-being program with Emirates NBD,Emirates NBD Bank (ENBD),2026,EmiratesNBD_AE,2026-03-28 11:13:00,Saturday
2037789707321622955,https://x.com/SelmaRomola/status/2037789707321622955,https://x.com/SelmaRomola,SelmaRomola,Selma Romola,https://pbs.twimg.com/profile_images/1118152018995105792/5fyZOTth_bigger.jpg,,"اجعل مفاجآت العيد أكثر قيمة.
من الفضة إلى الذهب، اكتشف طريقة أذكى لامتلاك أو إهداء شيء ثمين بحق.
شاهد هذه الحلقة وأخبرنا:
كيف يمكنك شراء الذهب والفضه من البنك؟

للمشاركة:
تابع حساب بنك الإمارات دبي الوطني 
قم بالإشارة إلى 3 من أصدقائك
اكتب إجابتك في التعليقات أدناه لفرصة ربح 10,000 درهم","To buy gold and silver through Emirates NBD, the fastest way is using the ENBD X mobile app. 

Tagging 
<a href=""/FazilAnas"" title=""Tosifmuhammad 🇦🇪"">@FazilAnas</a> 
<a href=""/Emy191990"" title=""Eman Mohamed"">@Emy191990</a> 
<a href=""/Bushrasabih2"" title=""Bu_shaikh🌸❤️"">@Bushrasabih2</a>",False,,['EmiratesNBD_AE'],Mar 28,"Mar 28, 2026 · 7:11 AM UTC",2026-03-28 07:11:00,,"['https://x.com/FazilAnas', 'https://x.com/Emy191990', 'https://x.com/Bushrasabih2']",0.0,0.0,0.0,17.0,ENBD,"To buy gold and silver through Emirates NBD, the fastest way is using the ENBD X mobile app. 

Tagging 
@FazilAnas 
@Emy191990 
@Bushrasabih2",https://x.com/SelmaRomola/status/2037789707321622955,"اجعل مفاجآت العيد أكثر قيمة.
من الفضة إلى الذهب، اكتشف طريقة أذكى لامتلاك أو إهداء شيء ثمين بحق.
شاهد هذه الحلقة وأخبرنا:
كيف يمكنك شراء الذهب والفضه من البنك؟

للمشاركة:
تابع حساب بنك الإمارات دبي الوطني 
قم بالإشارة إلى 3 من أصدقائك
اكتب إجابتك في التعليقات أدناه لفرصة ربح 10,000 درهم","اجعل مفاجآت العيد أكثر قيمة.
من الفضة إلى الذهب، اكتشف طريقة أذكى لامتلاك أو إهداء شيء ثمين بحق.
شاهد هذه الحلقة وأخبرنا:
كيف يمكنك شراء الذهب والفضه من البنك؟

للمشاركة:
تابع حساب بنك الإمارات دبي الوطني 
قم بالإشارة إلى 3 من أصدقائك
اكتب إجابتك في التعليقات أدناه لفرصة ربح 10,000 درهم","Make holiday surprises more valuable. From silver to gold, discover a smarter way to own or gift something truly precious. Watch this episode and tell us: How can you buy gold and silver from the bank? 

To participate: Follow the Emirates NBD account Tag 3 of your friends Write your answer in the comments below for a chance to win 10,000 dirhams.",Cust,Positive,2026-03-28 11:11:00,28-03-2026,ENBD,1. Emirates NBD Bank (ENBD),"To participate: Follow the Emirates NBD account Tag 3 of your friends Write your answer in the comments below for a chance to win 10,000 dirhams. • From silver to gold, discover a smarter way to own or gift something truly precious. • Watch this episode and tell us: How can you buy gold and silver from the bank?",Emirates NBD Bank (ENBD),2026,EmiratesNBD_AE,2026-03-28 11:11:00,Saturday
2037789510478843981,https://x.com/SelmaRomola/status/2037789510478843981,https://x.com/SelmaRomola,SelmaRomola,Selma Romola,https://pbs.twimg.com/profile_images/1118152018995105792/5fyZOTth_bigger.jpg,,"@EmiratesNBD_AE To buy gold and silver through Emirates NBD, the fastest way is using the ENBD X mobile app. 

Tagging 
@Sosomostafa729S 
@Nur_Munem 
@yasar8212","To buy gold and silver through Emirates NBD, the fastest way is using the ENBD X mobile app. 

Tagging 
<a href=""/Sosomostafa729S"" title=""Soha.mostafa77"">@Sosomostafa729S</a> 
<a href=""/Nur_Munem"" title=""نـــور مُــنعم 🇦🇪"">@Nur_Munem</a> 
<a href=""/yasar8212"" title=""shaniyadu"">@yasar8212</a>",False,,['EmiratesNBD_AE'],Mar 28,"Mar 28, 2026 · 7:10 AM UTC",2026-03-28 07:10:00,,"['https://x.com/Sosomostafa729S', 'https://x.com/Nur_Munem', 'https://x.com/yasar8212']",0.0,0.0,0.0,14.0,ENBD,"To buy gold and silver through Emirates NBD, the fastest way is using the ENBD X mobile app. 

Tagging 
@Sosomostafa729S 
@Nur_Munem 
@yasar8212",https://x.com/SelmaRomola/status/2037789510478843981,"@EmiratesNBD_AE To buy gold and silver through Emirates NBD, the fastest way is using the ENBD X mobile app. 

Tagging 
@Sosomostafa729S 
@Nur_Munem 
@yasar8212","@EmiratesNBD_AE To buy gold and silver through Emirates NBD, the fastest way is using the ENBD X mobile app. 

Tagging 
@Sosomostafa729S 
@Nur_Munem 
@yasar8212","To buy gold and silver through Emirates NBD, the fastest way is using the ENBD X mobile app.",Cust,Positive,2026-03-28 11:10:00,28-03-2026,ENBD,1. Emirates NBD Bank (ENBD),"To buy gold and silver through Emirates NBD, the fastest way is using the ENBD X mobile app.",Emirates NBD Bank (ENBD),2026,EmiratesNBD_AE,2026-03-28 11:10:00,Saturday
2037788447910564341,https://x.com/SelmaRomola/status/2037788447910564341,https://x.com/SelmaRomola,SelmaRomola,Selma Romola,https://pbs.twimg.com/profile_images/1118152018995105792/5fyZOTth_bigger.jpg,,"Make Eid surprises even more valuable.
From silver to gold, discover a smarter way to own or gift something truly precious.
Watch this episode and tell us:
How can you buy gold and silver from the bank?

To participate:
Follow Emirates NBD
Tag 3 friends
Drop your answer below for a chance to win AED 10,000","To buy gold and silver through Emirates NBD, the fastest way is using the ENBD X mobile app. 

Tagging 
<a href=""/Bushrasabih2"" title=""Bu_shaikh🌸❤️"">@Bushrasabih2</a> 
<a href=""/AmalBeevi"" title=""Amal Beevi"">@AmalBeevi</a> 
<a href=""/Sosomostafa729S"" title=""Soha.mostafa77"">@Sosomostafa729S</a>",False,,['EmiratesNBD_AE'],Mar 28,"Mar 28, 2026 · 7:06 AM UTC",2026-03-28 07:06:00,,"['https://x.com/Bushrasabih2', 'https://x.com/AmalBeevi', 'https://x.com/Sosomostafa729S']",0.0,0.0,0.0,15.0,ENBD,"To buy gold and silver through Emirates NBD, the fastest way is using the ENBD X mobile app. 

Tagging 
@Bushrasabih2 
@AmalBeevi 
@Sosomostafa729S",https://x.com/SelmaRomola/status/2037788447910564341,"Make Eid surprises even more valuable.
From silver to gold, discover a smarter way to own or gift something truly precious.
Watch this episode and tell us:
How can you buy gold and silver from the bank?

To participate:
Follow Emirates NBD
Tag 3 friends
Drop your answer below for a chance to win AED 10,000","Make Eid surprises even more valuable.
From silver to gold, discover a smarter way to own or gift something truly precious.
Watch this episode and tell us:
How can you buy gold and silver from the bank?

To participate:
Follow Emirates NBD
Tag 3 friends
Drop your answer below for a chance to win AED 10,000","Make Eid surprises even more valuable. From silver to gold, discover a smarter way to own or gift something truly precious. Watch this episode and tell us: How can you buy gold and silver from the bank? To participate: Follow Emirates NBD Tag 3 friends Drop your answer below for a chance to win AED 10,000",Cust,Positive,2026-03-28 11:06:00,28-03-2026,ENBD,1. Emirates NBD Bank (ENBD),"To participate: Follow Emirates NBD Tag 3 friends Drop your answer below for a chance to win AED 10,000 • From silver to gold, discover a smarter way to own or gift something truly precious. • Watch this episode and tell us: How can you buy gold and silver from the bank?",Emirates NBD Bank (ENBD),2026,EmiratesNBD_AE,2026-03-28 11:06:00,Saturday
2037784853866029145,https://x.com/Sosomostafa729S/status/2037784853866029145,https://x.com/Sosomostafa729S,Sosomostafa729S,Soha.mostafa77,https://pbs.twimg.com/profile_images/2034153587794972677/yhnd0_Le_bigger.jpg,,"حل اللغز واربح 10,000 درهم.💰
أم علاوي تعبت من مشاكل السيارة، ومستعدة لسيارة جديدة بفضل قرض السيارات السريع من بنك الإمارات دبي الوطني، من خلال طلب سهل وسريع عبر الإنترنت.

تابع @EmiratesNBD_ae
قم بالإشارة إلى 3 من أصدقائك
حل اللغز لفرصة الفوز بـ 10 آلاف درهم. https://t.co/NBQE3PzfgZ","B- 1.89% <a href=""/zeynp_qas"" title=""zeynab kasem"">@zeynp_qas</a> <a href=""/Salma2232019"" title=""Salma"">@Salma2232019</a> <a href=""/semeet"" title=""seema shelat"">@semeet</a> 🌿🇦🇪❤️",False,,['EmiratesNBD_AE'],Mar 28,"Mar 28, 2026 · 6:52 AM UTC",2026-03-28 06:52:00,,"['https://x.com/zeynp_qas', 'https://x.com/Salma2232019', 'https://x.com/semeet']",0.0,0.0,0.0,14.0,ENBD,B- 1.89% @zeynp_qas @Salma2232019 @semeet 🌿🇦🇪❤️,https://x.com/Sosomostafa729S/status/2037784853866029145,"حل اللغز واربح 10,000 درهم.💰
أم علاوي تعبت من مشاكل السيارة، ومستعدة لسيارة جديدة بفضل قرض السيارات السريع من بنك الإمارات دبي الوطني، من خلال طلب سهل وسريع عبر الإنترنت.

تابع @EmiratesNBD_ae
قم بالإشارة إلى 3 من أصدقائك
حل اللغز لفرصة الفوز بـ 10 آلاف درهم. https://t.co/NBQE3PzfgZ","حل اللغز واربح 10,000 درهم.💰
أم علاوي تعبت من مشاكل السيارة، ومستعدة لسيارة جديدة بفضل قرض السيارات السريع من بنك الإمارات دبي الوطني، من خلال طلب سهل وسريع عبر الإنترنت.

تابع @EmiratesNBD_ae
قم بالإشارة إلى 3 من أصدقائك
حل اللغز لفرصة الفوز بـ 10 آلاف درهم. https://t.co/NBQE3PzfgZ","Solve the puzzle and win 10,000 dirhams.💰 Um Alawi is tired of car problems and is ready for a new car thanks to the quick car loan from Emirates NBD, through an easy and fast online application. Follow @EmiratesNBD_ae Tag 3 of your friends Solve the puzzle for a chance to win 10,000 dirhams.",Cust,Positive,2026-03-28 10:52:00,28-03-2026,ENBD,1. Emirates NBD Bank (ENBD),"Solve the puzzle and win 10,000 dirhams.💰 Um Alawi is tired of car problems and is ready for a new car thanks to the quick car loan from Emirates NBD, through an easy and fast online application. • Follow @EmiratesNBD_ae Tag 3 of your friends Solve the puzzle for a chance to win 10,000 dirhams.",Emirates NBD Bank (ENBD),2026,EmiratesNBD_AE,2026-03-28 10:52:00,Saturday
2037784763122217375,https://x.com/Sosomostafa729S/status/2037784763122217375,https://x.com/Sosomostafa729S,Sosomostafa729S,Soha.mostafa77,https://pbs.twimg.com/profile_images/2034153587794972677/yhnd0_Le_bigger.jpg,,@EmiratesNBD_AE B- 1.89% @semeet @Salma2232019 @SelmaRomola 🌿🇦🇪❤️,"B- 1.89% <a href=""/semeet"" title=""seema shelat"">@semeet</a> <a href=""/Salma2232019"" title=""Salma"">@Salma2232019</a> <a href=""/SelmaRomola"" title=""Selma Romola"">@SelmaRomola</a> 🌿🇦🇪❤️",False,,['EmiratesNBD_AE'],Mar 28,"Mar 28, 2026 · 6:52 AM UTC",2026-03-28 06:52:00,,"['https://x.com/semeet', 'https://x.com/Salma2232019', 'https://x.com/SelmaRomola']",0.0,0.0,0.0,20.0,ENBD,B- 1.89% @semeet @Salma2232019 @SelmaRomola 🌿🇦🇪❤️,https://x.com/Sosomostafa729S/status/2037784763122217375,@EmiratesNBD_AE B- 1.89% @semeet @Salma2232019 @SelmaRomola 🌿🇦🇪❤️,@EmiratesNBD_AE B- 1.89% @semeet @Salma2232019 @SelmaRomola 🌿🇦🇪❤️,"The text appears to be a social media post or message that includes a reference to a bank (Emirates NBD) and some usernames, along with emojis. There is no translatable content in terms of language, as it primarily consists of a percentage and usernames. Therefore, there is no translation needed.",Cust,Neutral,2026-03-28 10:52:00,28-03-2026,ENBD,1. Emirates NBD Bank (ENBD),"The text appears to be a social media post or message that includes a reference to a bank (Emirates NBD) and some usernames, along with emojis. • There is no translatable content in terms of language, as it primarily consists of a percentage and usernames. • Therefore, there is no translation needed.",Emirates NBD Bank (ENBD),2026,EmiratesNBD_AE,2026-03-28 10:52:00,Saturday
2037784668028985459,https://x.com/Sosomostafa729S/status/2037784668028985459,https://x.com/Sosomostafa729S,Sosomostafa729S,Soha.mostafa77,https://pbs.twimg.com/profile_images/2034153587794972677/yhnd0_Le_bigger.jpg,,@EmiratesNBD_AE B- 1.89% @Emy191990 @ibushra_03 @parulghalout 🌿🇦🇪❤️,"B- 1.89% <a href=""/Emy191990"" title=""Eman Mohamed"">@Emy191990</a> <a href=""/ibushra_03"" title=""Bushra Muhammad 🇦🇪"">@ibushra_03</a> <a href=""/parulghalout"" title=""parul ghalout"">@parulghalout</a> 🌿🇦🇪❤️",False,,['EmiratesNBD_AE'],Mar 28,"Mar 28, 2026 · 6:51 AM UTC",2026-03-28 06:51:00,,"['https://x.com/Emy191990', 'https://x.com/ibushra_03', 'https://x.com/parulghalout']",0.0,0.0,0.0,13.0,ENBD,B- 1.89% @Emy191990 @ibushra_03 @parulghalout 🌿🇦🇪❤️,https://x.com/Sosomostafa729S/status/2037784668028985459,@EmiratesNBD_AE B- 1.89% @Emy191990 @ibushra_03 @parulghalout 🌿🇦🇪❤️,@EmiratesNBD_AE B- 1.89% @Emy191990 @ibushra_03 @parulghalout 🌿🇦🇪❤️,"The text appears to be a social media post with mentions and emojis, and it does not contain any translatable content.",Cust,Neutral,2026-03-28 10:51:00,28-03-2026,ENBD,1. Emirates NBD Bank (ENBD),"The text appears to be a social media post with mentions and emojis, and it does not contain any translatable content.",Emirates NBD Bank (ENBD),2026,EmiratesNBD_AE,2026-03-28 10:51:00,Saturday
2037784498885243377,https://x.com/Sosomostafa729S/status/2037784498885243377,https://x.com/Sosomostafa729S,Sosomostafa729S,Soha.mostafa77,https://pbs.twimg.com/profile_images/2034153587794972677/yhnd0_Le_bigger.jpg,,"@EmiratesNBD_AE Exchanger volunteer program 
@semeet @Emy191990 @ibushra_03 🌿🇦🇪❤️","Exchanger volunteer program 
<a href=""/semeet"" title=""seema shelat"">@semeet</a> <a href=""/Emy191990"" title=""Eman Mohamed"">@Emy191990</a> <a href=""/ibushra_03"" title=""Bushra Muhammad 🇦🇪"">@ibushra_03</a> 🌿🇦🇪❤️",False,,['EmiratesNBD_AE'],Mar 28,"Mar 28, 2026 · 6:50 AM UTC",2026-03-28 06:50:00,,"['https://x.com/semeet', 'https://x.com/Emy191990', 'https://x.com/ibushra_03']",0.0,0.0,0.0,17.0,ENBD,"Exchanger volunteer program 
@semeet @Emy191990 @ibushra_03 🌿🇦🇪❤️",https://x.com/Sosomostafa729S/status/2037784498885243377,"@EmiratesNBD_AE Exchanger volunteer program 
@semeet @Emy191990 @ibushra_03 🌿🇦🇪❤️","@EmiratesNBD_AE Exchanger volunteer program 
@semeet @Emy191990 @ibushra_03 🌿🇦🇪❤️",Emirates NBD_AE Exchanger volunteer program,Cust,Neutral,2026-03-28 10:50:00,28-03-2026,ENBD,1. Emirates NBD Bank (ENBD),Emirates NBD_AE Exchanger volunteer program,Emirates NBD Bank (ENBD),2026,EmiratesNBD_AE,2026-03-28 10:50:00,Saturday
2037784405700419683,https://x.com/Sosomostafa729S/status/2037784405700419683,https://x.com/Sosomostafa729S,Sosomostafa729S,Soha.mostafa77,https://pbs.twimg.com/profile_images/2034153587794972677/yhnd0_Le_bigger.jpg,,@EmiratesNBD_AE Exchanger volunteer program @semeet @zeynp_qas @SelmaRomola 🌿🇦🇪❤️,"Exchanger volunteer program <a href=""/semeet"" title=""seema shelat"">@semeet</a> <a href=""/zeynp_qas"" title=""zeynab kasem"">@zeynp_qas</a> <a href=""/SelmaRomola"" title=""Selma Romola"">@SelmaRomola</a> 🌿🇦🇪❤️",False,,['EmiratesNBD_AE'],Mar 28,"Mar 28, 2026 · 6:50 AM UTC",2026-03-28 06:50:00,,"['https://x.com/semeet', 'https://x.com/zeynp_qas', 'https://x.com/SelmaRomola']",0.0,0.0,0.0,16.0,ENBD,Exchanger volunteer program @semeet @zeynp_qas @SelmaRomola 🌿🇦🇪❤️,https://x.com/Sosomostafa729S/status/2037784405700419683,@EmiratesNBD_AE Exchanger volunteer program @semeet @zeynp_qas @SelmaRomola 🌿🇦🇪❤️,@EmiratesNBD_AE Exchanger volunteer program @semeet @zeynp_qas @SelmaRomola 🌿🇦🇪❤️,Emirates NBD AE Exchanger volunteer program,Cust,Neutral,2026-03-28 10:50:00,28-03-2026,ENBD,1. Emirates NBD Bank (ENBD),Emirates NBD AE Exchanger volunteer program,Emirates NBD Bank (ENBD),2026,EmiratesNBD_AE,2026-03-28 10:50:00,Saturday
2037784344333275440,https://x.com/EmiratesNBD_AE/status/2037784344333275440,https://x.com/EmiratesNBD_AE,EmiratesNBD_AE,Emirates NBD,https://pbs.twimg.com/profile_images/1762427651271110656/jOUBidn8_bigger.jpg,,"Before clicking a link, what do you do?

Stay Safe, Stay Vigilant. #UnitedAgainstFraud

emiratesnbd.com/en/campaigns…","Before clicking a link, what do you do?

Stay Safe, Stay Vigilant. <a href=""/search?f=tweets&amp;q=%23UnitedAgainstFraud"">#UnitedAgainstFraud</a>

<a href=""https://www.emiratesnbd.com/en/campaigns/united-against-fraud"">emiratesnbd.com/en/campaigns…</a>",False,,,Mar 28,"Mar 28, 2026 · 6:50 AM UTC",2026-03-28 06:50:00,,"['https://x.com/search?f=tweets&q=%23UnitedAgainstFraud', 'https://www.emiratesnbd.com/en/campaigns/united-against-fraud']",3.0,0.0,4.0,613.0,ENBD,"Before clicking a link, what do you do?

Stay Safe, Stay Vigilant. #UnitedAgainstFraud

emiratesnbd.com/en/campaigns…",,,"Before clicking a link, what do you do?

Stay Safe, Stay Vigilant. #UnitedAgainstFraud

emiratesnbd.com/en/campaigns…","Before clicking a link, what do you do?

Stay Safe, Stay Vigilant. #UnitedAgainstFraud",Bank,Neutral,2026-03-28 10:50:00,28-03-2026,ENBD,1. Emirates NBD Bank (ENBD),"Stay Safe, Stay Vigilant. • Before clicking a link, what do you do?",Emirates NBD Bank (ENBD),2026,None,2026-03-28 10:50:00,Saturday
2037784337337532619,https://x.com/Sosomostafa729S/status/2037784337337532619,https://x.com/Sosomostafa729S,Sosomostafa729S,Soha.mostafa77,https://pbs.twimg.com/profile_images/2034153587794972677/yhnd0_Le_bigger.jpg,,@EmiratesNBD_AE Exchanger volunteer program @Emy191990 @ibushra_03 @parulghalout 🌿🇦🇪❤️,"Exchanger volunteer program <a href=""/Emy191990"" title=""Eman Mohamed"">@Emy191990</a> <a href=""/ibushra_03"" title=""Bushra Muhammad 🇦🇪"">@ibushra_03</a> <a href=""/parulghalout"" title=""parul ghalout"">@parulghalout</a> 🌿🇦🇪❤️",False,,['EmiratesNBD_AE'],Mar 28,"Mar 28, 2026 · 6:50 AM UTC",2026-03-28 06:50:00,,"['https://x.com/Emy191990', 'https://x.com/ibushra_03', 'https://x.com/parulghalout']",0.0,0.0,0.0,14.0,ENBD,Exchanger volunteer program @Emy191990 @ibushra_03 @parulghalout 🌿🇦🇪❤️,https://x.com/Sosomostafa729S/status/2037784337337532619,@EmiratesNBD_AE Exchanger volunteer program @Emy191990 @ibushra_03 @parulghalout 🌿🇦🇪❤️,@EmiratesNBD_AE Exchanger volunteer program @Emy191990 @ibushra_03 @parulghalout 🌿🇦🇪❤️,Emirates NBD_AE Exchanger volunteer program Emy191990 ibushra_03 parulghalout 🌿🇦🇪❤️,Cust,Neutral,2026-03-28 10:50:00,28-03-2026,ENBD,1. Emirates NBD Bank (ENBD),Emirates NBD_AE Exchanger volunteer program Emy191990 ibushra_03 parulghalout 🌿🇦🇪❤️,Emirates NBD Bank (ENBD),2026,EmiratesNBD_AE,2026-03-28 10:50:00,Saturday
2037784225022365938,https://x.com/Sosomostafa729S/status/2037784225022365938,https://x.com/Sosomostafa729S,Sosomostafa729S,Soha.mostafa77,https://pbs.twimg.com/profile_images/2034153587794972677/yhnd0_Le_bigger.jpg,,@EmiratesNBD_AE Exchanger volunteer program @semeet @parulghalout @Salma2232019 🌿🇦🇪❤️,"Exchanger volunteer program <a href=""/semeet"" title=""seema shelat"">@semeet</a> <a href=""/parulghalout"" title=""parul ghalout"">@parulghalout</a> <a href=""/Salma2232019"" title=""Salma"">@Salma2232019</a> 🌿🇦🇪❤️",False,,['EmiratesNBD_AE'],Mar 28,"Mar 28, 2026 · 6:49 AM UTC",2026-03-28 06:49:00,,"['https://x.com/semeet', 'https://x.com/parulghalout', 'https://x.com/Salma2232019']",0.0,0.0,0.0,18.0,ENBD,Exchanger volunteer program @semeet @parulghalout @Salma2232019 🌿🇦🇪❤️,https://x.com/Sosomostafa729S/status/2037784225022365938,@EmiratesNBD_AE Exchanger volunteer program @semeet @parulghalout @Salma2232019 🌿🇦🇪❤️,@EmiratesNBD_AE Exchanger volunteer program @semeet @parulghalout @Salma2232019 🌿🇦🇪❤️,Emirates NBD_AE Exchanger volunteer program,Cust,Neutral,2026-03-28 10:49:00,28-03-2026,ENBD,1. Emirates NBD Bank (ENBD),Emirates NBD_AE Exchanger volunteer program,Emirates NBD Bank (ENBD),2026,EmiratesNBD_AE,2026-03-28 10:49:00,Saturday
2037784141006344295,https://x.com/Sosomostafa729S/status/2037784141006344295,https://x.com/Sosomostafa729S,Sosomostafa729S,Soha.mostafa77,https://pbs.twimg.com/profile_images/2034153587794972677/yhnd0_Le_bigger.jpg,,@EmiratesNBD_AE Exchanger volunteer program @semeet @Salma2232019 @ibushra_03 🌿🇦🇪❤️,"Exchanger volunteer program <a href=""/semeet"" title=""seema shelat"">@semeet</a> <a href=""/Salma2232019"" title=""Salma"">@Salma2232019</a> <a href=""/ibushra_03"" title=""Bushra Muhammad 🇦🇪"">@ibushra_03</a> 🌿🇦🇪❤️",False,,['EmiratesNBD_AE'],Mar 28,"Mar 28, 2026 · 6:49 AM UTC",2026-03-28 06:49:00,,"['https://x.com/semeet', 'https://x.com/Salma2232019', 'https://x.com/ibushra_03']",0.0,0.0,0.0,11.0,ENBD,Exchanger volunteer program @semeet @Salma2232019 @ibushra_03 🌿🇦🇪❤️,https://x.com/Sosomostafa729S/status/2037784141006344295,@EmiratesNBD_AE Exchanger volunteer program @semeet @Salma2232019 @ibushra_03 🌿🇦🇪❤️,@EmiratesNBD_AE Exchanger volunteer program @semeet @Salma2232019 @ibushra_03 🌿🇦🇪❤️,Emirates NBD_AE Exchanger volunteer program,Cust,Neutral,2026-03-28 10:49:00,28-03-2026,ENBD,1. Emirates NBD Bank (ENBD),Emirates NBD_AE Exchanger volunteer program,Emirates NBD Bank (ENBD),2026,EmiratesNBD_AE,2026-03-28 10:49:00,Saturday
2037784038774317555,https://x.com/Sosomostafa729S/status/2037784038774317555,https://x.com/Sosomostafa729S,Sosomostafa729S,Soha.mostafa77,https://pbs.twimg.com/profile_images/2034153587794972677/yhnd0_Le_bigger.jpg,,"@EmiratesNBD_AE Exchanger volunteer program 
@Emy191990 @ibushra_03 @parulghalout 🌿🇦🇪❤️","Exchanger volunteer program 
<a href=""/Emy191990"" title=""Eman Mohamed"">@Emy191990</a> <a href=""/ibushra_03"" title=""Bushra Muhammad 🇦🇪"">@ibushra_03</a> <a href=""/parulghalout"" title=""parul ghalout"">@parulghalout</a> 🌿🇦🇪❤️",False,,['EmiratesNBD_AE'],Mar 28,"Mar 28, 2026 · 6:49 AM UTC",2026-03-28 06:49:00,,"['https://x.com/Emy191990', 'https://x.com/ibushra_03', 'https://x.com/parulghalout']",0.0,0.0,0.0,11.0,ENBD,"Exchanger volunteer program 
@Emy191990 @ibushra_03 @parulghalout 🌿🇦🇪❤️",https://x.com/Sosomostafa729S/status/2037784038774317555,"@EmiratesNBD_AE Exchanger volunteer program 
@Emy191990 @ibushra_03 @parulghalout 🌿🇦🇪❤️","@EmiratesNBD_AE Exchanger volunteer program 
@Emy191990 @ibushra_03 @parulghalout 🌿🇦🇪❤️",Emirates NBD_AE Exchanger volunteer program,Cust,Neutral,2026-03-28 10:49:00,28-03-2026,ENBD,1. Emirates NBD Bank (ENBD),Emirates NBD_AE Exchanger volunteer program,Emirates NBD Bank (ENBD),2026,EmiratesNBD_AE,2026-03-28 10:49:00,Saturday
2037783859769876728,https://x.com/Sosomostafa729S/status/2037783859769876728,https://x.com/Sosomostafa729S,Sosomostafa729S,Soha.mostafa77,https://pbs.twimg.com/profile_images/2034153587794972677/yhnd0_Le_bigger.jpg,,@EmiratesNBD_AE FINWELL ( Financial Well-being program) with Emirates NBD @semeet @zeynp_qas @Emy191990 🌿🇦🇪❤️,"FINWELL ( Financial Well-being program) with Emirates NBD <a href=""/semeet"" title=""seema shelat"">@semeet</a> <a href=""/zeynp_qas"" title=""zeynab kasem"">@zeynp_qas</a> <a href=""/Emy191990"" title=""Eman Mohamed"">@Emy191990</a> 🌿🇦🇪❤️",False,,['EmiratesNBD_AE'],Mar 28,"Mar 28, 2026 · 6:48 AM UTC",2026-03-28 06:48:00,,"['https://x.com/semeet', 'https://x.com/zeynp_qas', 'https://x.com/Emy191990']",0.0,0.0,0.0,11.0,ENBD,FINWELL ( Financial Well-being program) with Emirates NBD @semeet @zeynp_qas @Emy191990 🌿🇦🇪❤️,https://x.com/Sosomostafa729S/status/2037783859769876728,@EmiratesNBD_AE FINWELL ( Financial Well-being program) with Emirates NBD @semeet @zeynp_qas @Emy191990 🌿🇦🇪❤️,@EmiratesNBD_AE FINWELL ( Financial Well-being program) with Emirates NBD @semeet @zeynp_qas @Emy191990 🌿🇦🇪❤️,FINWELL (Financial Well-being program) with Emirates NBD,Cust,Positive,2026-03-28 10:48:00,28-03-2026,ENBD,1. Emirates NBD Bank (ENBD),FINWELL (Financial Well-being program) with Emirates NBD,Emirates NBD Bank (ENBD),2026,EmiratesNBD_AE,2026-03-28 10:48:00,Saturday
2037783775896313876,https://x.com/Sosomostafa729S/status/2037783775896313876,https://x.com/Sosomostafa729S,Sosomostafa729S,Soha.mostafa77,https://pbs.twimg.com/profile_images/2034153587794972677/yhnd0_Le_bigger.jpg,,@EmiratesNBD_AE FINWELL ( Financial Well-being program) with Emirates NBD @SelmaRomola @Emy191990 @parulghalout 🌿🇦🇪❤️,"FINWELL ( Financial Well-being program) with Emirates NBD <a href=""/SelmaRomola"" title=""Selma Romola"">@SelmaRomola</a> <a href=""/Emy191990"" title=""Eman Mohamed"">@Emy191990</a> <a href=""/parulghalout"" title=""parul ghalout"">@parulghalout</a> 🌿🇦🇪❤️",False,,['EmiratesNBD_AE'],Mar 28,"Mar 28, 2026 · 6:48 AM UTC",2026-03-28 06:48:00,,"['https://x.com/SelmaRomola', 'https://x.com/Emy191990', 'https://x.com/parulghalout']",0.0,0.0,0.0,15.0,ENBD,FINWELL ( Financial Well-being program) with Emirates NBD @SelmaRomola @Emy191990 @parulghalout 🌿🇦🇪❤️,https://x.com/Sosomostafa729S/status/2037783775896313876,@EmiratesNBD_AE FINWELL ( Financial Well-being program) with Emirates NBD @SelmaRomola @Emy191990 @parulghalout 🌿🇦🇪❤️,@EmiratesNBD_AE FINWELL ( Financial Well-being program) with Emirates NBD @SelmaRomola @Emy191990 @parulghalout 🌿🇦🇪❤️,FINWELL (Financial Well-being program) with Emirates NBD,Cust,Positive,2026-03-28 10:48:00,28-03-2026,ENBD,1. Emirates NBD Bank (ENBD),FINWELL (Financial Well-being program) with Emirates NBD,Emirates NBD Bank (ENBD),2026,EmiratesNBD_AE,2026-03-28 10:48:00,Saturday
2037783673144230370,https://x.com/Sosomostafa729S/status/2037783673144230370,https://x.com/Sosomostafa729S,Sosomostafa729S,Soha.mostafa77,https://pbs.twimg.com/profile_images/2034153587794972677/yhnd0_Le_bigger.jpg,,"@EmiratesNBD_AE FINWELL ( Financial Well-being program) with Emirates NBD 
@Emy191990 @ibushra_03 @SelmaRomola 🌿🇦🇪❤️","FINWELL ( Financial Well-being program) with Emirates NBD 
<a href=""/Emy191990"" title=""Eman Mohamed"">@Emy191990</a> <a href=""/ibushra_03"" title=""Bushra Muhammad 🇦🇪"">@ibushra_03</a> <a href=""/SelmaRomola"" title=""Selma Romola"">@SelmaRomola</a> 🌿🇦🇪❤️",False,,['EmiratesNBD_AE'],Mar 28,"Mar 28, 2026 · 6:47 AM UTC",2026-03-28 06:47:00,,"['https://x.com/Emy191990', 'https://x.com/ibushra_03', 'https://x.com/SelmaRomola']",0.0,0.0,0.0,13.0,ENBD,"FINWELL ( Financial Well-being program) with Emirates NBD 
@Emy191990 @ibushra_03 @SelmaRomola 🌿🇦🇪❤️",https://x.com/Sosomostafa729S/status/2037783673144230370,"@EmiratesNBD_AE FINWELL ( Financial Well-being program) with Emirates NBD 
@Emy191990 @ibushra_03 @SelmaRomola 🌿🇦🇪❤️","@EmiratesNBD_AE FINWELL ( Financial Well-being program) with Emirates NBD 
@Emy191990 @ibushra_03 @SelmaRomola 🌿🇦🇪❤️",FINWELL (Financial Well-being program) with Emirates NBD,Cust,Positive,2026-03-28 10:47:00,28-03-2026,ENBD,1. Emirates NBD Bank (ENBD),FINWELL (Financial Well-being program) with Emirates NBD,Emirates NBD Bank (ENBD),2026,EmiratesNBD_AE,2026-03-28 10:47:00,Saturday
2037783477979091314,https://x.com/Sosomostafa729S/status/2037783477979091314,https://x.com/Sosomostafa729S,Sosomostafa729S,Soha.mostafa77,https://pbs.twimg.com/profile_images/2034153587794972677/yhnd0_Le_bigger.jpg,,@EmiratesNBD_AE Through ENBD X Mobile Banking's App @parulghalout @semeet @Emy191990 🌿🇦🇪❤️,"Through ENBD X Mobile Banking&#39;s App <a href=""/parulghalout"" title=""parul ghalout"">@parulghalout</a> <a href=""/semeet"" title=""seema shelat"">@semeet</a> <a href=""/Emy191990"" title=""Eman Mohamed"">@Emy191990</a> 🌿🇦🇪❤️",False,,['EmiratesNBD_AE'],Mar 28,"Mar 28, 2026 · 6:46 AM UTC",2026-03-28 06:46:00,,"['https://x.com/parulghalout', 'https://x.com/semeet', 'https://x.com/Emy191990']",0.0,0.0,0.0,12.0,ENBD,Through ENBD X Mobile Banking's App @parulghalout @semeet @Emy191990 🌿🇦🇪❤️,https://x.com/Sosomostafa729S/status/2037783477979091314,@EmiratesNBD_AE Through ENBD X Mobile Banking's App @parulghalout @semeet @Emy191990 🌿🇦🇪❤️,@EmiratesNBD_AE Through ENBD X Mobile Banking's App @parulghalout @semeet @Emy191990 🌿🇦🇪❤️,Through Emirates NBD X Mobile Banking's App,Cust,Neutral,2026-03-28 10:46:00,28-03-2026,ENBD,1. Emirates NBD Bank (ENBD),Through Emirates NBD X Mobile Banking's App,Emirates NBD Bank (ENBD),2026,EmiratesNBD_AE,2026-03-28 10:46:00,Saturday
2037783402758508685,https://x.com/Sosomostafa729S/status/2037783402758508685,https://x.com/Sosomostafa729S,Sosomostafa729S,Soha.mostafa77,https://pbs.twimg.com/profile_images/2034153587794972677/yhnd0_Le_bigger.jpg,,@EmiratesNBD_AE Through ENBD X Mobile Banking's App @zeynp_qas @SelmaRomola @Salma2232019 🌿🇦🇪❤️,"Through ENBD X Mobile Banking&#39;s App <a href=""/zeynp_qas"" title=""zeynab kasem"">@zeynp_qas</a> <a href=""/SelmaRomola"" title=""Selma Romola"">@SelmaRomola</a> <a href=""/Salma2232019"" title=""Salma"">@Salma2232019</a> 🌿🇦🇪❤️",False,,['EmiratesNBD_AE'],Mar 28,"Mar 28, 2026 · 6:46 AM UTC",2026-03-28 06:46:00,,"['https://x.com/zeynp_qas', 'https://x.com/SelmaRomola', 'https://x.com/Salma2232019']",0.0,0.0,0.0,17.0,ENBD,Through ENBD X Mobile Banking's App @zeynp_qas @SelmaRomola @Salma2232019 🌿🇦🇪❤️,https://x.com/Sosomostafa729S/status/2037783402758508685,@EmiratesNBD_AE Through ENBD X Mobile Banking's App @zeynp_qas @SelmaRomola @Salma2232019 🌿🇦🇪❤️,@EmiratesNBD_AE Through ENBD X Mobile Banking's App @zeynp_qas @SelmaRomola @Salma2232019 🌿🇦🇪❤️,Through Emirates NBD X Mobile Banking's App,Cust,Neutral,2026-03-28 10:46:00,28-03-2026,ENBD,1. Emirates NBD Bank (ENBD),Through Emirates NBD X Mobile Banking's App,Emirates NBD Bank (ENBD),2026,EmiratesNBD_AE,2026-03-28 10:46:00,Saturday
2037783335389540775,https://x.com/Sosomostafa729S/status/2037783335389540775,https://x.com/Sosomostafa729S,Sosomostafa729S,Soha.mostafa77,https://pbs.twimg.com/profile_images/2034153587794972677/yhnd0_Le_bigger.jpg,,@EmiratesNBD_AE Through ENBD X Mobile Banking's App @Emy191990 @parulghalout @ibushra_03 🌿🇦🇪❤️,"Through ENBD X Mobile Banking&#39;s App <a href=""/Emy191990"" title=""Eman Mohamed"">@Emy191990</a> <a href=""/parulghalout"" title=""parul ghalout"">@parulghalout</a> <a href=""/ibushra_03"" title=""Bushra Muhammad 🇦🇪"">@ibushra_03</a> 🌿🇦🇪❤️",False,,['EmiratesNBD_AE'],Mar 28,"Mar 28, 2026 · 6:46 AM UTC",2026-03-28 06:46:00,,"['https://x.com/Emy191990', 'https://x.com/parulghalout', 'https://x.com/ibushra_03']",0.0,0.0,0.0,10.0,ENBD,Through ENBD X Mobile Banking's App @Emy191990 @parulghalout @ibushra_03 🌿🇦🇪❤️,https://x.com/Sosomostafa729S/status/2037783335389540775,@EmiratesNBD_AE Through ENBD X Mobile Banking's App @Emy191990 @parulghalout @ibushra_03 🌿🇦🇪❤️,@EmiratesNBD_AE Through ENBD X Mobile Banking's App @Emy191990 @parulghalout @ibushra_03 🌿🇦🇪❤️,Through ENBD X Mobile Banking's App,Cust,Neutral,2026-03-28 10:46:00,28-03-2026,ENBD,1. Emirates NBD Bank (ENBD),Through ENBD X Mobile Banking's App,Emirates NBD Bank (ENBD),2026,EmiratesNBD_AE,2026-03-28 10:46:00,Saturday
2037783125854679453,https://x.com/Sosomostafa729S/status/2037783125854679453,https://x.com/Sosomostafa729S,Sosomostafa729S,Soha.mostafa77,https://pbs.twimg.com/profile_images/2034153587794972677/yhnd0_Le_bigger.jpg,,@EmiratesNBD_AE Through ENBD X Mobile Banking's App @parulghalout @Salma2232019 @semeet 🌿🇦🇪❤️,"Through ENBD X Mobile Banking&#39;s App <a href=""/parulghalout"" title=""parul ghalout"">@parulghalout</a> <a href=""/Salma2232019"" title=""Salma"">@Salma2232019</a> <a href=""/semeet"" title=""seema shelat"">@semeet</a> 🌿🇦🇪❤️",False,,['EmiratesNBD_AE'],Mar 28,"Mar 28, 2026 · 6:45 AM UTC",2026-03-28 06:45:00,,"['https://x.com/parulghalout', 'https://x.com/Salma2232019', 'https://x.com/semeet']",0.0,0.0,0.0,13.0,ENBD,Through ENBD X Mobile Banking's App @parulghalout @Salma2232019 @semeet 🌿🇦🇪❤️,https://x.com/Sosomostafa729S/status/2037783125854679453,@EmiratesNBD_AE Through ENBD X Mobile Banking's App @parulghalout @Salma2232019 @semeet 🌿🇦🇪❤️,@EmiratesNBD_AE Through ENBD X Mobile Banking's App @parulghalout @Salma2232019 @semeet 🌿🇦🇪❤️,Through ENBD X Mobile Banking's App,Cust,Neutral,2026-03-28 10:45:00,28-03-2026,ENBD,1. Emirates NBD Bank (ENBD),Through ENBD X Mobile Banking's App,Emirates NBD Bank (ENBD),2026,EmiratesNBD_AE,2026-03-28 10:45:00,Saturday
2037783049065390446,https://x.com/Sosomostafa729S/status/2037783049065390446,https://x.com/Sosomostafa729S,Sosomostafa729S,Soha.mostafa77,https://pbs.twimg.com/profile_images/2034153587794972677/yhnd0_Le_bigger.jpg,,"@EmiratesNBD_AE Through ENBD X Mobile Banking's App 
@Emy191990 @ibushra_03 @semeet 🌿🇦🇪❤️","Through ENBD X Mobile Banking&#39;s App 
<a href=""/Emy191990"" title=""Eman Mohamed"">@Emy191990</a> <a href=""/ibushra_03"" title=""Bushra Muhammad 🇦🇪"">@ibushra_03</a> <a href=""/semeet"" title=""seema shelat"">@semeet</a> 🌿🇦🇪❤️",False,,['EmiratesNBD_AE'],Mar 28,"Mar 28, 2026 · 6:45 AM UTC",2026-03-28 06:45:00,,"['https://x.com/Emy191990', 'https://x.com/ibushra_03', 'https://x.com/semeet']",0.0,0.0,0.0,10.0,ENBD,"Through ENBD X Mobile Banking's App 
@Emy191990 @ibushra_03 @semeet 🌿🇦🇪❤️",https://x.com/Sosomostafa729S/status/2037783049065390446,"@EmiratesNBD_AE Through ENBD X Mobile Banking's App 
@Emy191990 @ibushra_03 @semeet 🌿🇦🇪❤️","@EmiratesNBD_AE Through ENBD X Mobile Banking's App 
@Emy191990 @ibushra_03 @semeet 🌿🇦🇪❤️",Through ENBD X Mobile Banking's App,Cust,Neutral,2026-03-28 10:45:00,28-03-2026,ENBD,1. Emirates NBD Bank (ENBD),Through ENBD X Mobile Banking's App,Emirates NBD Bank (ENBD),2026,EmiratesNBD_AE,2026-03-28 10:45:00,Saturday
2037730056920088898,https://x.com/wil3020/status/2037730056920088898,https://x.com/wil3020,wil3020,wiil,https://pbs.twimg.com/profile_images/1939900695018106882/lxZGZx9Y_bigger.jpg,,"Stay safe and bank with ease with ENBD X and businessONLINE 

Visit https://t.co/0Z1tddYvqD https://t.co/l7XrKjfHOu",The UAE is no longer safe Continuous and comprehensive bombing of the UAE now,False,,['EmiratesNBD_AE'],Mar 28,"Mar 28, 2026 · 3:14 AM UTC",2026-03-28 03:14:00,,,0.0,0.0,0.0,39.0,ENBD,The UAE is no longer safe Continuous and comprehensive bombing of the UAE now,https://x.com/wil3020/status/2037730056920088898,"Stay safe and bank with ease with ENBD X and businessONLINE 

Visit https://t.co/0Z1tddYvqD https://t.co/l7XrKjfHOu","Stay safe and bank with ease with ENBD X and businessONLINE 

Visit https://t.co/0Z1tddYvqD https://t.co/l7XrKjfHOu",Stay safe and bank with ease with ENBD X and businessONLINE.,Cust,Positive,2026-03-28 07:14:00,28-03-2026,ENBD,1. Emirates NBD Bank (ENBD),Stay safe and bank with ease with ENBD X and businessONLINE.,Emirates NBD Bank (ENBD),2026,EmiratesNBD_AE,2026-03-28 07:14:00,Saturday
2038199951327457478,https://x.com/EmiratesNBD_AE/status/2038199951327457478,https://x.com/EmiratesNBD_AE,EmiratesNBD_AE,Emirates NBD,https://pbs.twimg.com/profile_images/1762427651271110656/jOUBidn8_bigger.jpg,,"Hi Harsh, thanks for reaching us, please write us in details about your concern via direct message, and we will review and help you out accordingly. Thanks- Zubair","Hi Harsh, thanks for reaching us, please write us in details about your concern via direct message, and we will review and help you out accordingly. Thanks- Zubair",False,,['theHT4'],4h,"Mar 29, 2026 · 10:21 AM UTC",2026-03-29 10:21:00,,,0.0,0.0,0.0,27.0,ENBD,"Hi Harsh, thanks for reaching us, please write us in details about your concern via direct message, and we will review and help you out accordingly. Thanks- Zubair",,,"Hi Harsh, thanks for reaching us, please write us in details about your concern via direct message, and we will review and help you out accordingly. Thanks- Zubair","Hi Harsh, thanks for reaching out to us. Please write to us in detail about your concern via direct message, and we will review it and help you accordingly. Thanks, Zubair.",Cust,Negative,2026-03-29 14:21:00,29-03-2026,ENBD,1. Emirates NBD Bank (ENBD),"Please write to us in detail about your concern via direct message, and we will review it and help you accordingly. • Hi Harsh, thanks for reaching out to us.",Emirates NBD Bank (ENBD),2026,theHT4,2026-03-29 14:21:00,Sunday
2038231563272351811,https://x.com/Lura____3/status/2038231563272351811,https://x.com/Lura____3,Lura____3,RERE,https://pbs.twimg.com/profile_images/1880007160555294720/mqO0utK5_bigger.jpg,,ابي اقدم طلب تمويل شخصي كيف تساعدوني محد يرد,ابي اقدم طلب تمويل شخصي كيف تساعدوني محد يرد,False,,['EmiratesNBD_AE'],2h,"Mar 29, 2026 · 12:27 PM UTC",2026-03-29 12:27:00,,,1.0,0.0,0.0,26.0,ENBD,ابي اقدم طلب تمويل شخصي كيف تساعدوني محد يرد,,,ابي اقدم طلب تمويل شخصي كيف تساعدوني محد يرد,I want to apply for a personal loan. How can you help me? No one is responding.,Cust,Negative,2026-03-29 16:27:00,29-03-2026,ENBD,1. Emirates NBD Bank (ENBD),I want to apply for a personal loan.,Emirates NBD Bank (ENBD),2026,EmiratesNBD_AE,2026-03-29 16:27:00,Sunday
2038193508092109170,https://x.com/M17322417/status/2038193508092109170,https://x.com/M17322417,M17322417,M - #يارب_بلايستيشن5,https://pbs.twimg.com/profile_images/1288819440902078465/Twk32eXp_bigger.jpg,,قدمت اكثر من طلب استفسار للتمويل العقاري ومن نموذج الموقع وما وصلني اي اتصال او افادة,قدمت اكثر من طلب استفسار للتمويل العقاري ومن نموذج الموقع وما وصلني اي اتصال او افادة,False,,['EmiratesNBD_KSA'],5h,"Mar 29, 2026 · 9:56 AM UTC",2026-03-29 09:56:00,,,1.0,0.0,0.0,13.0,ENBD,قدمت اكثر من طلب استفسار للتمويل العقاري ومن نموذج الموقع وما وصلني اي اتصال او افادة,,,قدمت اكثر من طلب استفسار للتمويل العقاري ومن نموذج الموقع وما وصلني اي اتصال او افادة,"I have submitted more than one inquiry for real estate financing through the website form, and I have not received any calls or responses.",Cust,Negative,2026-03-29 13:56:00,29-03-2026,ENBD,1. Emirates NBD Bank (ENBD),"I have submitted more than one inquiry for real estate financing through the website form, and I have not received any calls or responses.",Emirates NBD Bank (ENBD),2026,EmiratesNBD_KSA,2026-03-29 13:56:00,Sunday
2037955706662604958,https://x.com/Rita09729643/status/2037955706662604958,https://x.com/Rita09729643,Rita09729643,Rita,https://pbs.twimg.com/profile_images/1655465335775010816/KmAYkyBx_bigger.jpg,,"Hi I have a credit card of Emirates NBD, but I haven’t used it for many years, suddenly I received the email of statement that I need to pay 764.13AED as the total payment due, this is really unacceptable.","Hi I have a credit card of Emirates NBD, but I haven’t used it for many years, suddenly I received the email of statement that I need to pay 764.13AED as the total payment due, this is really unacceptable.",False,,['EmiratesNBD_AE'],21h,"Mar 28, 2026 · 6:11 PM UTC",2026-03-28 18:11:00,,,1.0,0.0,0.0,27.0,ENBD,"Hi I have a credit card of Emirates NBD, but I haven’t used it for many years, suddenly I received the email of statement that I need to pay 764.13AED as the total payment due, this is really unacceptable.",,,"Hi I have a credit card of Emirates NBD, but I haven’t used it for many years, suddenly I received the email of statement that I need to pay 764.13AED as the total payment due, this is really unacceptable.","Hi, I have a credit card from Emirates NBD, but I haven't used it for many years. Suddenly, I received an email statement saying that I need to pay 764.13 AED as the total payment due. This is really unacceptable.",Cust,Negative,2026-03-28 22:11:00,28-03-2026,ENBD,1. Emirates NBD Bank (ENBD),"Suddenly, I received an email statement saying that I need to pay 764.13 AED as the total payment due. • Hi, I have a credit card from Emirates NBD, but I haven't used it for many years. • This is really unacceptable.",Emirates NBD Bank (ENBD),2026,EmiratesNBD_AE,2026-03-28 22:11:00,Saturday
2037785071189671937,https://x.com/ZaibKang/status/2037785071189671937,https://x.com/ZaibKang,ZaibKang,Jahan Zaib Akbar Kang,https://pbs.twimg.com/profile_images/2028644994790436864/h-Avrj3s_bigger.jpg,,@EmiratesNBD_AE @EmiratesNBD_AE I applied for liv X account 3 days ago still not received any response please Check and respond as soon as possible https://t.co/LXfxy0AGqW,"<a href=""/EmiratesNBD_AE"" title=""Emirates NBD"">@EmiratesNBD_AE</a> I applied for liv X account 3 days ago still not received any response please Check and respond as soon as possible",False,,['EmiratesNBD_AE'],Mar 28,"Mar 28, 2026 · 6:53 AM UTC",2026-03-28 06:53:00,,['https://x.com/EmiratesNBD_AE'],0.0,0.0,0.0,18.0,ENBD,@EmiratesNBD_AE I applied for liv X account 3 days ago still not received any response please Check and respond as soon as possible,https://x.com/ZaibKang/status/2037785071189671937,@EmiratesNBD_AE @EmiratesNBD_AE I applied for liv X account 3 days ago still not received any response please Check and respond as soon as possible https://t.co/LXfxy0AGqW,@EmiratesNBD_AE @EmiratesNBD_AE I applied for liv X account 3 days ago still not received any response please Check and respond as soon as possible https://t.co/LXfxy0AGqW,I applied for a liv X account 3 days ago and still have not received any response. Please check and respond as soon as possible.,Cust,Negative,2026-03-28 10:53:00,28-03-2026,ENBD,1. Emirates NBD Bank (ENBD),I applied for a liv X account 3 days ago and still have not received any response. • Please check and respond as soon as possible.,Emirates NBD Bank (ENBD),2026,EmiratesNBD_AE,2026-03-28 10:53:00,Saturday
2038208875543884093,https://x.com/a_m_alazizi/status/2038208875543884093,https://x.com/a_m_alazizi,a_m_alazizi,عبدالرحمن مناور,https://pbs.twimg.com/profile_images/1745700634349764608/AVHo2vzs_bigger.jpg,,@EmiratesNBD_KSA ليش ماتردون على الخاص,"<a href=""/EmiratesNBD_KSA"" title=""EmiratesNBD KSA"">@EmiratesNBD_KSA</a> ليش ماتردون على الخاص",False,,,4h,"Mar 29, 2026 · 10:57 AM UTC",2026-03-29 10:57:00,,['https://x.com/EmiratesNBD_KSA'],1.0,0.0,0.0,11.0,ENBD,@EmiratesNBD_KSA ليش ماتردون على الخاص,,,@EmiratesNBD_KSA ليش ماتردون على الخاص,@EmiratesNBD_KSA Why don't you respond to private messages?,Cust,Negative,2026-03-29 14:57:00,29-03-2026,ENBD,1. Emirates NBD Bank (ENBD),@EmiratesNBD_KSA Why don't you respond to private messages?,Emirates NBD Bank (ENBD),2026,None,2026-03-29 14:57:00,Sunday
2037865010320539854,https://x.com/rated_sm/status/2037865010320539854,https://x.com/rated_sm,rated_sm,rated_sm,https://pbs.twimg.com/profile_images/1870693863452524544/xTAmP9KA_bigger.jpg,,"@EmiratesNBD_AE My phone is broken and is pending repair with Apple. I need to make a payment and I logged into the website using OTP, but when attempting payment, its still asking for Smart Pass confirmation and no OTP option. Same when attempting to contact Whatsapp Support.","<a href=""/EmiratesNBD_AE"" title=""Emirates NBD"">@EmiratesNBD_AE</a> My phone is broken and is pending repair with Apple. I need to make a payment and I logged into the website using OTP, but when attempting payment, its still asking for Smart Pass confirmation and no OTP option. Same when attempting to contact Whatsapp Support.",False,,,Mar 28,"Mar 28, 2026 · 12:10 PM UTC",2026-03-28 12:10:00,,['https://x.com/EmiratesNBD_AE'],1.0,0.0,0.0,29.0,ENBD,"@EmiratesNBD_AE My phone is broken and is pending repair with Apple. I need to make a payment and I logged into the website using OTP, but when attempting payment, its still asking for Smart Pass confirmation and no OTP option. Same when attempting to contact Whatsapp Support.",,,"@EmiratesNBD_AE My phone is broken and is pending repair with Apple. I need to make a payment and I logged into the website using OTP, but when attempting payment, its still asking for Smart Pass confirmation and no OTP option. Same when attempting to contact Whatsapp Support.","My phone is broken and is pending repair with Apple. I need to make a payment and I logged into the website using OTP, but when attempting payment, it's still asking for Smart Pass confirmation and no OTP option. The same happens when attempting to contact WhatsApp Support.",Cust,Negative,2026-03-28 16:10:00,28-03-2026,ENBD,1. Emirates NBD Bank (ENBD),"I need to make a payment and I logged into the website using OTP, but when attempting payment, it's still asking for Smart Pass confirmation and no OTP option. • The same happens when attempting to contact WhatsApp Support. • My phone is broken and is pending repair with Apple.",Emirates NBD Bank (ENBD),2026,None,2026-03-28 16:10:00,Saturday
